Date,NSIDC SMAP/Sentinel 1Km: avg, NSIDC SMAP/Sentinel 1Km: avg Percent of AOI with data
2015-3-31 00:00:00,null,0.00,
2015-4-1 00:00:00,null,0.00,
2015-4-2 00:00:00,null,0.00,
2015-4-3 00:00:00,null,0.00,
2015-4-4 00:00:00,null,0.00,
2015-4-5 00:00:00,null,0.00,
2015-4-6 00:00:00,null,0.00,
2015-4-7 00:00:00,null,0.00,
2015-4-8 00:00:00,null,0.00,
2015-4-9 00:00:00,null,0.00,
2015-4-10 00:00:00,null,0.00,
2015-4-11 00:00:00,null,0.00,
2015-4-12 00:00:00,null,0.00,
2015-4-13 00:00:00,null,0.00,
2015-4-14 00:00:00,null,0.00,
2015-4-15 00:00:00,null,0.00,
2015-4-20 00:00:00,null,0.00,
2015-4-21 00:00:00,null,0.00,
2015-4-22 00:00:00,null,0.00,
2015-4-23 00:00:00,null,0.00,
2015-4-24 00:00:00,null,0.00,
2015-4-25 00:00:00,null,0.00,
2015-4-26 00:00:00,null,0.00,
2015-4-27 00:00:00,null,0.00,
2015-4-28 00:00:00,null,0.00,
2015-4-29 00:00:00,0.318,55.70,
2015-4-30 00:00:00,null,0.00,
2015-5-1 00:00:00,null,0.00,
2015-5-2 00:00:00,null,0.00,
2015-5-3 00:00:00,null,0.00,
2015-5-4 00:00:00,null,0.00,
2015-5-5 00:00:00,null,0.00,
2015-5-6 00:00:00,null,0.00,
2015-5-7 00:00:00,null,0.00,
2015-5-8 00:00:00,null,0.00,
2015-5-9 00:00:00,null,0.00,
2015-5-10 00:00:00,null,0.00,
2015-5-11 00:00:00,null,0.00,
2015-5-12 00:00:00,null,0.00,
2015-5-14 00:00:00,null,0.00,
2015-5-15 00:00:00,null,0.00,
2015-5-16 00:00:00,null,0.00,
2015-5-17 00:00:00,null,0.00,
2015-5-18 00:00:00,null,0.00,
2015-5-19 00:00:00,null,0.00,
2015-5-20 00:00:00,null,0.00,
2015-5-21 00:00:00,null,0.00,
2015-5-22 00:00:00,null,0.00,
2015-5-23 00:00:00,null,0.00,
2015-5-24 00:00:00,null,0.00,
2015-5-25 00:00:00,null,0.00,
2015-5-26 00:00:00,null,0.00,
2015-5-27 00:00:00,null,0.00,
2015-5-28 00:00:00,null,0.00,
2015-5-29 00:00:00,null,0.00,
2015-5-30 00:00:00,null,0.00,
2015-5-31 00:00:00,null,0.00,
2015-6-1 00:00:00,null,0.00,
2015-6-2 00:00:00,null,0.00,
2015-6-3 00:00:00,null,0.00,
2015-6-4 00:00:00,null,0.00,
2015-6-5 00:00:00,null,0.00,
2015-6-6 00:00:00,null,0.00,
2015-6-7 00:00:00,null,0.00,
2015-6-8 00:00:00,null,0.00,
2015-6-9 00:00:00,null,0.00,
2015-6-10 00:00:00,null,0.00,
2015-6-11 00:00:00,null,0.00,
2015-6-12 00:00:00,null,0.00,
2015-6-13 00:00:00,null,0.00,
2015-6-14 00:00:00,null,0.00,
2015-6-15 00:00:00,null,0.00,
2015-6-16 00:00:00,null,0.00,
2015-6-17 00:00:00,null,0.00,
2015-6-18 00:00:00,null,0.00,
2015-6-19 00:00:00,null,0.00,
2015-6-20 00:00:00,null,0.00,
2015-6-21 00:00:00,null,0.00,
2015-6-22 00:00:00,null,0.00,
2015-6-23 00:00:00,null,0.00,
2015-6-24 00:00:00,null,0.00,
2015-6-25 00:00:00,null,0.00,
2015-6-26 00:00:00,null,0.00,
2015-6-27 00:00:00,null,0.00,
2015-6-28 00:00:00,null,0.00,
2015-6-29 00:00:00,null,0.00,
2015-6-30 00:00:00,null,0.00,
2015-7-1 00:00:00,null,0.00,
2015-7-2 00:00:00,null,0.00,
2015-7-3 00:00:00,null,0.00,
2015-7-4 00:00:00,null,0.00,
2015-7-5 00:00:00,null,0.00,
2015-7-6 00:00:00,null,0.00,
2015-7-7 00:00:00,null,0.00,
2015-7-8 00:00:00,null,0.00,
2015-7-9 00:00:00,null,0.00,
2015-7-10 00:00:00,null,0.00,
2015-7-11 00:00:00,null,0.00,
2015-7-12 00:00:00,null,0.00,
2015-7-13 00:00:00,null,0.00,
2015-7-14 00:00:00,null,0.00,
2015-7-15 00:00:00,null,0.00,
2015-7-16 00:00:00,null,0.00,
2015-7-17 00:00:00,null,0.00,
2015-7-18 00:00:00,null,0.00,
2015-7-19 00:00:00,null,0.00,
2015-7-20 00:00:00,null,0.00,
2015-7-21 00:00:00,null,0.00,
2015-7-22 00:00:00,null,0.00,
2015-7-23 00:00:00,null,0.00,
2015-7-24 00:00:00,null,0.00,
2015-7-25 00:00:00,null,0.00,
2015-7-26 00:00:00,null,0.00,
2015-7-27 00:00:00,null,0.00,
2015-7-28 00:00:00,null,0.00,
2015-7-29 00:00:00,null,0.00,
2015-7-30 00:00:00,null,0.00,
2015-7-31 00:00:00,null,0.00,
2015-8-1 00:00:00,null,0.00,
2015-8-2 00:00:00,null,0.00,
2015-8-3 00:00:00,null,0.00,
2015-8-4 00:00:00,null,0.00,
2015-8-5 00:00:00,null,0.00,
2015-8-6 00:00:00,null,0.00,
2015-8-7 00:00:00,null,0.00,
2015-8-8 00:00:00,null,0.00,
2015-8-9 00:00:00,null,0.00,
2015-8-10 00:00:00,null,0.00,
2015-8-11 00:00:00,null,0.00,
2015-8-14 00:00:00,null,0.00,
2015-8-15 00:00:00,null,0.00,
2015-8-16 00:00:00,null,0.00,
2015-8-17 00:00:00,null,0.00,
2015-8-18 00:00:00,null,0.00,
2015-8-19 00:00:00,null,0.00,
2015-8-20 00:00:00,null,0.00,
2015-8-21 00:00:00,null,0.00,
2015-8-22 00:00:00,null,0.00,
2015-8-23 00:00:00,null,0.00,
2015-8-24 00:00:00,null,0.00,
2015-8-25 00:00:00,null,0.00,
2015-8-26 00:00:00,null,0.00,
2015-8-27 00:00:00,null,0.00,
2015-8-28 00:00:00,null,0.00,
2015-8-29 00:00:00,null,0.00,
2015-8-30 00:00:00,null,0.00,
2015-8-31 00:00:00,null,0.00,
2015-9-1 00:00:00,null,0.00,
2015-9-2 00:00:00,null,0.00,
2015-9-3 00:00:00,null,0.00,
2015-9-4 00:00:00,null,0.00,
2015-9-5 00:00:00,null,0.00,
2015-9-6 00:00:00,null,0.00,
2015-9-7 00:00:00,null,0.00,
2015-9-8 00:00:00,null,0.00,
2015-9-9 00:00:00,null,0.00,
2015-9-10 00:00:00,null,0.00,
2015-9-11 00:00:00,null,0.00,
2015-9-12 00:00:00,null,0.00,
2015-9-13 00:00:00,null,0.00,
2015-9-14 00:00:00,null,0.00,
2015-9-15 00:00:00,null,0.00,
2015-9-16 00:00:00,null,0.00,
2015-9-17 00:00:00,null,0.00,
2015-9-18 00:00:00,null,0.00,
2015-9-19 00:00:00,null,0.00,
2015-9-20 00:00:00,null,0.00,
2015-9-21 00:00:00,null,0.00,
2015-9-22 00:00:00,null,0.00,
2015-9-23 00:00:00,null,0.00,
2015-9-24 00:00:00,null,0.00,
2015-9-25 00:00:00,null,0.00,
2015-9-26 00:00:00,null,0.00,
2015-9-27 00:00:00,null,0.00,
2015-9-28 00:00:00,null,0.00,
2015-9-29 00:00:00,null,0.00,
2015-9-30 00:00:00,null,0.00,
2015-10-1 00:00:00,null,0.00,
2015-10-2 00:00:00,null,0.00,
2015-10-3 00:00:00,null,0.00,
2015-10-4 00:00:00,null,0.00,
2015-10-5 00:00:00,null,0.00,
2015-10-6 00:00:00,null,0.00,
2015-10-7 00:00:00,null,0.00,
2015-10-8 00:00:00,null,0.00,
2015-10-9 00:00:00,null,0.00,
2015-10-10 00:00:00,null,0.00,
2015-10-11 00:00:00,null,0.00,
2015-10-12 00:00:00,null,0.00,
2015-10-13 00:00:00,null,0.00,
2015-10-14 00:00:00,null,0.00,
2015-10-15 00:00:00,null,0.00,
2015-10-16 00:00:00,null,0.00,
2015-10-17 00:00:00,null,0.00,
2015-10-18 00:00:00,null,0.00,
2015-10-19 00:00:00,null,0.00,
2015-10-20 00:00:00,null,0.00,
2015-10-21 00:00:00,null,0.00,
2015-10-22 00:00:00,null,0.00,
2015-10-23 00:00:00,null,0.00,
2015-10-24 00:00:00,null,0.00,
2015-10-25 00:00:00,null,0.00,
2015-10-26 00:00:00,null,0.00,
2015-10-27 00:00:00,null,0.00,
2015-10-28 00:00:00,null,0.00,
2015-10-29 00:00:00,0.279,80.38,
2015-10-30 00:00:00,null,0.00,
2015-10-31 00:00:00,null,0.00,
2015-11-1 00:00:00,null,0.00,
2015-11-2 00:00:00,null,0.00,
2015-11-3 00:00:00,null,0.00,
2015-11-4 00:00:00,0.285,38.00,
2015-11-5 00:00:00,null,0.00,
2015-11-6 00:00:00,null,0.00,
2015-11-7 00:00:00,null,0.00,
2015-11-8 00:00:00,null,0.00,
2015-11-9 00:00:00,null,0.00,
2015-11-10 00:00:00,null,0.00,
2015-11-11 00:00:00,null,0.00,
2015-11-12 00:00:00,null,0.00,
2015-11-13 00:00:00,null,0.00,
2015-11-14 00:00:00,null,0.00,
2015-11-15 00:00:00,null,0.00,
2015-11-16 00:00:00,null,0.00,
2015-11-17 00:00:00,null,0.00,
2015-11-18 00:00:00,null,0.00,
2015-11-19 00:00:00,null,0.00,
2015-11-20 00:00:00,null,0.00,
2015-11-21 00:00:00,null,0.00,
2015-11-22 00:00:00,null,0.00,
2015-11-23 00:00:00,null,0.00,
2015-11-24 00:00:00,null,0.00,
2015-11-25 00:00:00,null,0.00,
2015-11-26 00:00:00,null,0.00,
2015-11-27 00:00:00,null,0.00,
2015-11-28 00:00:00,null,0.00,
2015-11-29 00:00:00,null,0.00,
2015-11-30 00:00:00,null,0.00,
2015-12-1 00:00:00,null,0.00,
2015-12-2 00:00:00,null,0.00,
2015-12-3 00:00:00,null,0.00,
2015-12-4 00:00:00,null,0.00,
2015-12-5 00:00:00,null,0.00,
2015-12-6 00:00:00,null,0.00,
2015-12-7 00:00:00,null,0.00,
2015-12-8 00:00:00,null,0.00,
2015-12-9 00:00:00,null,0.00,
2015-12-10 00:00:00,null,0.00,
2015-12-11 00:00:00,null,0.00,
2015-12-12 00:00:00,null,0.00,
2015-12-13 00:00:00,null,0.00,
2015-12-14 00:00:00,null,0.00,
2015-12-15 00:00:00,null,0.00,
2015-12-17 00:00:00,null,0.00,
2015-12-18 00:00:00,null,0.00,
2015-12-19 00:00:00,null,0.00,
2015-12-20 00:00:00,null,0.00,
2015-12-21 00:00:00,null,0.00,
2015-12-23 00:00:00,null,0.00,
2015-12-24 00:00:00,null,0.00,
2015-12-25 00:00:00,null,0.00,
2015-12-26 00:00:00,null,0.00,
2015-12-27 00:00:00,null,0.00,
2015-12-28 00:00:00,null,0.00,
2015-12-29 00:00:00,null,0.00,
2015-12-30 00:00:00,null,0.00,
2015-12-31 00:00:00,null,0.00,
2016-1-1 00:00:00,null,0.00,
2016-1-2 00:00:00,null,0.00,
2016-1-3 00:00:00,null,0.00,
2016-1-4 00:00:00,null,0.00,
2016-1-5 00:00:00,null,0.00,
2016-1-6 00:00:00,null,0.00,
2016-1-7 00:00:00,null,0.00,
2016-1-8 00:00:00,null,0.00,
2016-1-9 00:00:00,null,0.00,
2016-1-10 00:00:00,null,0.00,
2016-1-11 00:00:00,null,0.00,
2016-1-12 00:00:00,null,0.00,
2016-1-13 00:00:00,null,0.00,
2016-1-14 00:00:00,null,0.00,
2016-1-15 00:00:00,null,0.00,
2016-1-16 00:00:00,null,0.00,
2016-1-17 00:00:00,null,0.00,
2016-1-18 00:00:00,null,0.00,
2016-1-19 00:00:00,null,0.00,
2016-1-20 00:00:00,null,0.00,
2016-1-21 00:00:00,null,0.00,
2016-1-22 00:00:00,null,0.00,
2016-1-23 00:00:00,null,0.00,
2016-1-24 00:00:00,null,0.00,
2016-1-25 00:00:00,null,0.00,
2016-1-26 00:00:00,null,0.00,
2016-1-27 00:00:00,null,0.00,
2016-1-28 00:00:00,null,0.00,
2016-1-29 00:00:00,null,0.00,
2016-1-30 00:00:00,null,0.00,
2016-1-31 00:00:00,null,0.00,
2016-2-1 00:00:00,null,0.00,
2016-2-2 00:00:00,null,0.00,
2016-2-3 00:00:00,null,0.00,
2016-2-4 00:00:00,null,0.00,
2016-2-5 00:00:00,null,0.00,
2016-2-6 00:00:00,null,0.00,
2016-2-7 00:00:00,null,0.00,
2016-2-8 00:00:00,null,0.00,
2016-2-9 00:00:00,null,0.00,
2016-2-10 00:00:00,null,0.00,
2016-2-11 00:00:00,null,0.00,
2016-2-12 00:00:00,null,0.00,
2016-2-13 00:00:00,null,0.00,
2016-2-14 00:00:00,null,0.00,
2016-2-15 00:00:00,null,0.00,
2016-2-16 00:00:00,null,0.00,
2016-2-18 00:00:00,null,0.00,
2016-2-19 00:00:00,null,0.00,
2016-2-20 00:00:00,null,0.00,
2016-2-21 00:00:00,null,0.00,
2016-2-22 00:00:00,null,0.00,
2016-2-23 00:00:00,null,0.00,
2016-2-24 00:00:00,null,0.00,
2016-2-25 00:00:00,null,0.00,
2016-2-26 00:00:00,null,0.00,
2016-2-27 00:00:00,null,0.00,
2016-2-28 00:00:00,null,0.00,
2016-2-29 00:00:00,null,0.00,
2016-3-1 00:00:00,null,0.00,
2016-3-2 00:00:00,null,0.00,
2016-3-3 00:00:00,null,0.00,
2016-3-4 00:00:00,null,0.00,
2016-3-5 00:00:00,null,0.00,
2016-3-6 00:00:00,null,0.00,
2016-3-7 00:00:00,null,0.00,
2016-3-8 00:00:00,null,0.00,
2016-3-9 00:00:00,null,0.00,
2016-3-10 00:00:00,null,0.00,
2016-3-11 00:00:00,null,0.00,
2016-3-12 00:00:00,null,0.00,
2016-3-13 00:00:00,null,0.00,
2016-3-14 00:00:00,null,0.00,
2016-3-15 00:00:00,null,0.00,
2016-3-16 00:00:00,null,0.00,
2016-3-17 00:00:00,null,0.00,
2016-3-18 00:00:00,null,0.00,
2016-3-19 00:00:00,null,0.00,
2016-3-20 00:00:00,null,0.00,
2016-3-21 00:00:00,null,0.00,
2016-3-22 00:00:00,null,0.00,
2016-3-23 00:00:00,null,0.00,
2016-3-24 00:00:00,null,0.00,
2016-3-25 00:00:00,null,0.00,
2016-3-26 00:00:00,null,0.00,
2016-3-27 00:00:00,null,0.00,
2016-3-28 00:00:00,null,0.00,
2016-3-29 00:00:00,null,0.00,
2016-3-30 00:00:00,null,0.00,
2016-3-31 00:00:00,null,0.00,
2016-4-1 00:00:00,null,0.00,
2016-4-2 00:00:00,null,0.00,
2016-4-3 00:00:00,null,0.00,
2016-4-4 00:00:00,null,0.00,
2016-4-5 00:00:00,null,0.00,
2016-4-6 00:00:00,null,0.00,
2016-4-7 00:00:00,null,0.00,
2016-4-8 00:00:00,null,0.00,
2016-4-9 00:00:00,null,0.00,
2016-4-10 00:00:00,null,0.00,
2016-4-11 00:00:00,null,0.00,
2016-4-12 00:00:00,null,0.00,
2016-4-13 00:00:00,null,0.00,
2016-4-14 00:00:00,null,0.00,
2016-4-15 00:00:00,null,0.00,
2016-4-16 00:00:00,null,0.00,
2016-4-17 00:00:00,null,0.00,
2016-4-18 00:00:00,null,0.00,
2016-4-19 00:00:00,null,0.00,
2016-4-20 00:00:00,null,0.00,
2016-4-21 00:00:00,null,0.00,
2016-4-22 00:00:00,null,0.00,
2016-4-23 00:00:00,null,0.00,
2016-4-24 00:00:00,null,0.00,
2016-4-25 00:00:00,null,0.00,
2016-4-26 00:00:00,null,0.00,
2016-4-27 00:00:00,null,0.00,
2016-4-28 00:00:00,null,0.00,
2016-4-29 00:00:00,null,0.00,
2016-4-30 00:00:00,null,0.00,
2016-5-2 00:00:00,null,0.00,
2016-5-3 00:00:00,null,0.00,
2016-5-4 00:00:00,null,0.00,
2016-5-5 00:00:00,null,0.00,
2016-5-6 00:00:00,null,0.00,
2016-5-7 00:00:00,null,0.00,
2016-5-8 00:00:00,null,0.00,
2016-5-9 00:00:00,null,0.00,
2016-5-10 00:00:00,null,0.00,
2016-5-11 00:00:00,null,0.00,
2016-5-12 00:00:00,null,0.00,
2016-5-13 00:00:00,null,0.00,
2016-5-14 00:00:00,null,0.00,
2016-5-15 00:00:00,null,0.00,
2016-5-16 00:00:00,null,0.00,
2016-5-17 00:00:00,null,0.00,
2016-5-18 00:00:00,null,0.00,
2016-5-19 00:00:00,null,0.00,
2016-5-20 00:00:00,null,0.00,
2016-5-21 00:00:00,null,0.00,
2016-5-22 00:00:00,null,0.00,
2016-5-23 00:00:00,null,0.00,
2016-5-24 00:00:00,null,0.00,
2016-5-25 00:00:00,null,0.00,
2016-5-26 00:00:00,null,0.00,
2016-5-27 00:00:00,null,0.00,
2016-5-28 00:00:00,null,0.00,
2016-5-29 00:00:00,null,0.00,
2016-5-30 00:00:00,null,0.00,
2016-5-31 00:00:00,null,0.00,
2016-6-1 00:00:00,null,0.00,
2016-6-2 00:00:00,null,0.00,
2016-6-3 00:00:00,null,0.00,
2016-6-4 00:00:00,null,0.00,
2016-6-5 00:00:00,null,0.00,
2016-6-6 00:00:00,null,0.00,
2016-6-7 00:00:00,null,0.00,
2016-6-8 00:00:00,null,0.00,
2016-6-9 00:00:00,null,0.00,
2016-6-10 00:00:00,null,0.00,
2016-6-11 00:00:00,null,0.00,
2016-6-12 00:00:00,null,0.00,
2016-6-13 00:00:00,null,0.00,
2016-6-14 00:00:00,null,0.00,
2016-6-15 00:00:00,null,0.00,
2016-6-16 00:00:00,null,0.00,
2016-6-17 00:00:00,null,0.00,
2016-6-24 00:00:00,null,0.00,
2016-6-26 00:00:00,null,0.00,
2016-6-27 00:00:00,null,0.00,
2016-6-28 00:00:00,null,0.00,
2016-6-29 00:00:00,null,0.00,
2016-6-30 00:00:00,null,0.00,
2016-7-1 00:00:00,null,0.00,
2016-7-2 00:00:00,null,0.00,
2016-7-3 00:00:00,null,0.00,
2016-7-4 00:00:00,null,0.00,
2016-7-5 00:00:00,null,0.00,
2016-7-6 00:00:00,null,0.00,
2016-7-7 00:00:00,null,0.00,
2016-7-8 00:00:00,null,0.00,
2016-7-9 00:00:00,null,0.00,
2016-7-10 00:00:00,null,0.00,
2016-7-11 00:00:00,null,0.00,
2016-7-12 00:00:00,null,0.00,
2016-7-13 00:00:00,null,0.00,
2016-7-14 00:00:00,null,0.00,
2016-7-15 00:00:00,null,0.00,
2016-7-16 00:00:00,null,0.00,
2016-7-17 00:00:00,null,0.00,
2016-7-18 00:00:00,null,0.00,
2016-7-19 00:00:00,null,0.00,
2016-7-20 00:00:00,null,0.00,
2016-7-21 00:00:00,null,0.00,
2016-7-22 00:00:00,null,0.00,
2016-7-23 00:00:00,null,0.00,
2016-7-24 00:00:00,null,0.00,
2016-7-25 00:00:00,null,0.00,
2016-7-26 00:00:00,null,0.00,
2016-7-27 00:00:00,null,0.00,
2016-7-28 00:00:00,null,0.00,
2016-7-29 00:00:00,null,0.00,
2016-7-30 00:00:00,null,0.00,
2016-7-31 00:00:00,null,0.00,
2016-8-1 00:00:00,null,0.00,
2016-8-2 00:00:00,null,0.00,
2016-8-3 00:00:00,null,0.00,
2016-8-4 00:00:00,null,0.00,
2016-8-5 00:00:00,null,0.00,
2016-8-6 00:00:00,null,0.00,
2016-8-7 00:00:00,null,0.00,
2016-8-8 00:00:00,null,0.00,
2016-8-9 00:00:00,null,0.00,
2016-8-10 00:00:00,null,0.00,
2016-8-11 00:00:00,null,0.00,
2016-8-12 00:00:00,null,0.00,
2016-8-13 00:00:00,null,0.00,
2016-8-14 00:00:00,null,0.00,
2016-8-15 00:00:00,null,0.00,
2016-8-16 00:00:00,null,0.00,
2016-8-17 00:00:00,null,0.00,
2016-8-18 00:00:00,null,0.00,
2016-8-19 00:00:00,null,0.00,
2016-8-20 00:00:00,null,0.00,
2016-8-21 00:00:00,null,0.00,
2016-8-22 00:00:00,null,0.00,
2016-8-23 00:00:00,null,0.00,
2016-8-24 00:00:00,null,0.00,
2016-8-25 00:00:00,null,0.00,
2016-8-26 00:00:00,null,0.00,
2016-8-27 00:00:00,null,0.00,
2016-8-28 00:00:00,null,0.00,
2016-8-29 00:00:00,null,0.00,
2016-8-30 00:00:00,null,0.00,
2016-8-31 00:00:00,null,0.00,
2016-9-1 00:00:00,null,0.00,
2016-9-2 00:00:00,null,0.00,
2016-9-3 00:00:00,null,0.00,
2016-9-4 00:00:00,null,0.00,
2016-9-5 00:00:00,null,0.00,
2016-9-6 00:00:00,null,0.00,
2016-9-7 00:00:00,null,0.00,
2016-9-8 00:00:00,null,0.00,
2016-9-9 00:00:00,null,0.00,
2016-9-10 00:00:00,null,0.00,
2016-9-11 00:00:00,null,0.00,
2016-9-12 00:00:00,null,0.00,
2016-9-13 00:00:00,null,0.00,
2016-9-14 00:00:00,null,0.00,
2016-9-15 00:00:00,null,0.00,
2016-9-16 00:00:00,null,0.00,
2016-9-17 00:00:00,null,0.00,
2016-9-18 00:00:00,null,0.00,
2016-9-19 00:00:00,null,0.00,
2016-9-20 00:00:00,null,0.00,
2016-9-21 00:00:00,null,0.00,
2016-9-22 00:00:00,null,0.00,
2016-9-23 00:00:00,null,0.00,
2016-9-24 00:00:00,null,0.00,
2016-9-25 00:00:00,null,0.00,
2016-9-26 00:00:00,null,0.00,
2016-9-28 00:00:00,null,0.00,
2016-9-29 00:00:00,null,0.00,
2016-9-30 00:00:00,null,0.00,
2016-10-1 00:00:00,null,0.00,
2016-10-2 00:00:00,0.322,6.07,
2016-10-3 00:00:00,null,0.00,
2016-10-4 00:00:00,null,0.00,
2016-10-5 00:00:00,null,0.00,
2016-10-6 00:00:00,null,0.00,
2016-10-7 00:00:00,null,0.00,
2016-10-8 00:00:00,0.309,41.93,
2016-10-9 00:00:00,null,0.00,
2016-10-10 00:00:00,null,0.00,
2016-10-11 00:00:00,null,0.00,
2016-10-12 00:00:00,null,0.00,
2016-10-13 00:00:00,null,0.00,
2016-10-14 00:00:00,null,0.00,
2016-10-15 00:00:00,0.284,6.17,
2016-10-16 00:00:00,null,0.00,
2016-10-17 00:00:00,null,0.00,
2016-10-18 00:00:00,null,0.00,
2016-10-19 00:00:00,null,0.00,
2016-10-20 00:00:00,null,0.00,
2016-10-21 00:00:00,0.272,81.28,
2016-10-22 00:00:00,null,0.00,
2016-10-23 00:00:00,null,0.00,
2016-10-24 00:00:00,null,0.00,
2016-10-25 00:00:00,null,0.00,
2016-10-26 00:00:00,0.241,6.15,
2016-10-27 00:00:00,null,0.00,
2016-10-28 00:00:00,null,0.00,
2016-10-29 00:00:00,null,0.00,
2016-10-30 00:00:00,null,0.00,
2016-10-31 00:00:00,0.244,78.34,
2016-11-1 00:00:00,null,0.00,
2016-11-2 00:00:00,null,0.00,
2016-11-3 00:00:00,null,0.00,
2016-11-4 00:00:00,null,0.00,
2016-11-5 00:00:00,null,0.00,
2016-11-6 00:00:00,null,0.00,
2016-11-7 00:00:00,null,0.00,
2016-11-8 00:00:00,0.209,6.16,
2016-11-9 00:00:00,null,0.00,
2016-11-10 00:00:00,null,0.00,
2016-11-11 00:00:00,null,0.00,
2016-11-12 00:00:00,null,0.00,
2016-11-13 00:00:00,null,0.00,
2016-11-14 00:00:00,0.234,76.15,
2016-11-15 00:00:00,null,0.00,
2016-11-16 00:00:00,null,0.00,
2016-11-17 00:00:00,null,0.00,
2016-11-18 00:00:00,null,0.00,
2016-11-19 00:00:00,0.202,6.17,
2016-11-20 00:00:00,null,0.00,
2016-11-21 00:00:00,null,0.00,
2016-11-22 00:00:00,null,0.00,
2016-11-23 00:00:00,null,0.00,
2016-11-24 00:00:00,null,0.00,
2016-11-25 00:00:00,null,0.00,
2016-11-26 00:00:00,null,0.00,
2016-11-27 00:00:00,null,0.00,
2016-11-28 00:00:00,null,0.00,
2016-11-29 00:00:00,null,0.00,
2016-11-30 00:00:00,null,0.00,
2016-12-1 00:00:00,null,0.00,
2016-12-2 00:00:00,0.191,6.19,
2016-12-3 00:00:00,null,0.00,
2016-12-4 00:00:00,null,0.00,
2016-12-5 00:00:00,null,0.00,
2016-12-6 00:00:00,null,0.00,
2016-12-7 00:00:00,null,0.00,
2016-12-8 00:00:00,0.218,75.84,
2016-12-9 00:00:00,null,0.00,
2016-12-10 00:00:00,null,0.00,
2016-12-11 00:00:00,null,0.00,
2016-12-12 00:00:00,null,0.00,
2016-12-13 00:00:00,0.172,6.05,
2016-12-14 00:00:00,null,0.00,
2016-12-15 00:00:00,null,0.00,
2016-12-16 00:00:00,null,0.00,
2016-12-17 00:00:00,null,0.00,
2016-12-18 00:00:00,null,0.00,
2016-12-19 00:00:00,0.242,46.41,
2016-12-20 00:00:00,null,0.00,
2016-12-21 00:00:00,null,0.00,
2016-12-22 00:00:00,null,0.00,
2016-12-23 00:00:00,null,0.00,
2016-12-24 00:00:00,null,0.00,
2016-12-25 00:00:00,null,0.00,
2016-12-26 00:00:00,0.185,6.18,
2016-12-27 00:00:00,null,0.00,
2016-12-28 00:00:00,null,0.00,
2016-12-29 00:00:00,null,0.00,
2016-12-30 00:00:00,null,0.00,
2017-1-2 00:00:00,null,0.00,
2017-1-3 00:00:00,null,0.00,
2017-1-4 00:00:00,null,0.00,
2017-1-5 00:00:00,null,0.00,
2017-1-6 00:00:00,0.196,6.16,
2017-1-7 00:00:00,null,0.00,
2017-1-8 00:00:00,null,0.00,
2017-1-9 00:00:00,null,0.00,
2017-1-10 00:00:00,null,0.00,
2017-1-11 00:00:00,null,0.00,
2017-1-12 00:00:00,0.256,42.07,
2017-1-13 00:00:00,null,0.00,
2017-1-14 00:00:00,null,0.00,
2017-1-15 00:00:00,null,0.00,
2017-1-16 00:00:00,null,0.00,
2017-1-17 00:00:00,null,0.00,
2017-1-18 00:00:00,null,0.00,
2017-1-19 00:00:00,0.200,6.16,
2017-1-20 00:00:00,null,0.00,
2017-1-21 00:00:00,null,0.00,
2017-1-22 00:00:00,null,0.00,
2017-1-23 00:00:00,null,0.00,
2017-1-24 00:00:00,null,0.00,
2017-1-25 00:00:00,0.228,70.60,
2017-1-26 00:00:00,null,0.00,
2017-1-27 00:00:00,null,0.00,
2017-1-28 00:00:00,null,0.00,
2017-1-29 00:00:00,null,0.00,
2017-1-30 00:00:00,null,0.00,
2017-1-31 00:00:00,null,0.00,
2017-2-1 00:00:00,null,0.00,
2017-2-2 00:00:00,null,0.00,
2017-2-3 00:00:00,null,0.00,
2017-2-4 00:00:00,null,0.00,
2017-2-5 00:00:00,0.248,41.97,
2017-2-6 00:00:00,null,0.00,
2017-2-7 00:00:00,null,0.00,
2017-2-8 00:00:00,null,0.00,
2017-2-9 00:00:00,null,0.00,
2017-2-10 00:00:00,0.216,72.89,
2017-2-11 00:00:00,null,0.00,
2017-2-12 00:00:00,0.188,6.08,
2017-2-13 00:00:00,null,0.00,
2017-2-14 00:00:00,null,0.00,
2017-2-15 00:00:00,0.244,37.56,
2017-2-16 00:00:00,null,0.00,
2017-2-17 00:00:00,null,0.00,
2017-2-18 00:00:00,null,0.00,
2017-2-19 00:00:00,null,0.00,
2017-2-20 00:00:00,0.187,74.26,
2017-2-21 00:00:00,null,0.00,
2017-2-22 00:00:00,null,0.00,
2017-2-23 00:00:00,0.177,27.22,
2017-2-24 00:00:00,null,0.00,
2017-2-25 00:00:00,null,0.00,
2017-2-26 00:00:00,0.220,37.56,
2017-2-27 00:00:00,null,0.00,
2017-2-28 00:00:00,null,0.00,
2017-3-1 00:00:00,0.204,43.85,
2017-3-2 00:00:00,null,0.00,
2017-3-3 00:00:00,null,0.00,
2017-3-4 00:00:00,null,0.00,
2017-3-5 00:00:00,null,0.00,
2017-3-6 00:00:00,0.193,72.67,
2017-3-7 00:00:00,null,0.00,
2017-3-8 00:00:00,0.152,26.04,
2017-3-9 00:00:00,null,0.00,
2017-3-10 00:00:00,null,0.00,
2017-3-11 00:00:00,0.359,37.72,
2017-3-12 00:00:00,null,0.00,
2017-3-13 00:00:00,null,0.00,
2017-3-14 00:00:00,0.273,76.14,
2017-3-15 00:00:00,null,0.00,
2017-3-16 00:00:00,0.238,73.79,
2017-3-17 00:00:00,null,0.00,
2017-3-18 00:00:00,null,0.00,
2017-3-19 00:00:00,0.214,27.14,
2017-3-20 00:00:00,null,0.00,
2017-3-21 00:00:00,null,0.00,
2017-3-22 00:00:00,0.254,37.70,
2017-3-23 00:00:00,null,0.00,
2017-3-24 00:00:00,null,0.00,
2017-3-25 00:00:00,0.281,50.06,
2017-3-26 00:00:00,null,0.00,
2017-3-27 00:00:00,null,0.00,
2017-3-28 00:00:00,null,0.00,
2017-3-29 00:00:00,null,0.00,
2017-3-30 00:00:00,null,0.00,
2017-3-31 00:00:00,null,0.00,
2017-4-1 00:00:00,0.193,29.89,
2017-4-2 00:00:00,0.264,36.47,
2017-4-3 00:00:00,null,0.00,
2017-4-4 00:00:00,null,0.00,
2017-4-5 00:00:00,null,0.00,
2017-4-6 00:00:00,null,0.00,
2017-4-7 00:00:00,0.230,79.35,
2017-4-8 00:00:00,null,0.00,
2017-4-9 00:00:00,0.233,76.20,
2017-4-10 00:00:00,null,0.00,
2017-4-11 00:00:00,null,0.00,
2017-4-12 00:00:00,0.169,27.45,
2017-4-13 00:00:00,null,0.00,
2017-4-14 00:00:00,null,0.00,
2017-4-15 00:00:00,0.258,37.38,
2017-4-16 00:00:00,null,0.00,
2017-4-17 00:00:00,null,0.00,
2017-4-18 00:00:00,0.223,49.54,
2017-4-19 00:00:00,null,0.00,
2017-4-20 00:00:00,null,0.00,
2017-4-21 00:00:00,null,0.00,
2017-4-24 00:00:00,null,0.00,
2017-4-25 00:00:00,0.233,30.23,
2017-4-26 00:00:00,null,0.00,
2017-4-27 00:00:00,null,0.00,
2017-4-28 00:00:00,0.247,37.68,
2017-4-29 00:00:00,null,0.00,
2017-4-30 00:00:00,null,0.00,
2017-5-1 00:00:00,0.243,82.06,
2017-5-2 00:00:00,null,0.00,
2017-5-3 00:00:00,0.245,74.77,
2017-5-4 00:00:00,null,0.00,
2017-5-5 00:00:00,null,0.00,
2017-5-6 00:00:00,0.224,29.08,
2017-5-7 00:00:00,null,0.00,
2017-5-8 00:00:00,null,0.00,
2017-5-9 00:00:00,0.358,37.70,
2017-5-10 00:00:00,null,0.00,
2017-5-11 00:00:00,null,0.00,
2017-5-12 00:00:00,0.285,54.11,
2017-5-13 00:00:00,null,0.00,
2017-5-14 00:00:00,null,0.00,
2017-5-15 00:00:00,null,0.00,
2017-5-16 00:00:00,null,0.00,
2017-5-17 00:00:00,0.259,78.85,
2017-5-18 00:00:00,null,0.00,
2017-5-19 00:00:00,0.213,31.14,
2017-5-20 00:00:00,null,0.00,
2017-5-21 00:00:00,null,0.00,
2017-5-22 00:00:00,0.258,37.74,
2017-5-23 00:00:00,null,0.00,
2017-5-24 00:00:00,null,0.00,
2017-5-25 00:00:00,0.219,83.99,
2017-5-26 00:00:00,null,0.00,
2017-5-27 00:00:00,0.315,43.23,
2017-5-28 00:00:00,0.259,26.52,
2017-5-29 00:00:00,null,0.00,
2017-5-30 00:00:00,0.219,32.22,
2017-5-31 00:00:00,null,0.00,
2017-6-1 00:00:00,null,0.00,
2017-6-2 00:00:00,0.274,37.81,
2017-6-3 00:00:00,null,0.00,
2017-6-4 00:00:00,null,0.00,
2017-6-5 00:00:00,0.231,59.25,
2017-6-6 00:00:00,null,0.00,
2017-6-7 00:00:00,null,0.00,
2017-6-8 00:00:00,null,0.00,
2017-6-9 00:00:00,null,0.00,
2017-6-10 00:00:00,0.287,82.74,
2017-6-11 00:00:00,null,0.00,
2017-6-12 00:00:00,0.269,32.91,
2017-6-13 00:00:00,0.262,37.88,
2017-6-14 00:00:00,null,0.00,
2017-6-15 00:00:00,null,0.00,
2017-6-16 00:00:00,null,0.00,
2017-6-17 00:00:00,null,0.00,
2017-6-18 00:00:00,0.268,84.64,
2017-6-19 00:00:00,null,0.00,
2017-6-20 00:00:00,null,0.00,
2017-6-21 00:00:00,null,0.00,
2017-6-22 00:00:00,null,0.00,
2017-6-23 00:00:00,0.255,32.59,
2017-6-24 00:00:00,null,0.00,
2017-6-25 00:00:00,null,0.00,
2017-6-26 00:00:00,0.297,37.88,
2017-6-27 00:00:00,null,0.00,
2017-6-28 00:00:00,null,0.00,
2017-6-29 00:00:00,0.290,59.39,
2017-6-30 00:00:00,null,0.00,
2017-7-1 00:00:00,null,0.00,
2017-7-2 00:00:00,null,0.00,
2017-7-3 00:00:00,null,0.00,
2017-7-4 00:00:00,0.343,81.42,
2017-7-5 00:00:00,null,0.00,
2017-7-6 00:00:00,0.313,32.58,
2017-7-7 00:00:00,null,0.00,
2017-7-8 00:00:00,null,0.00,
2017-7-9 00:00:00,0.412,37.74,
2017-7-10 00:00:00,null,0.00,
2017-7-11 00:00:00,null,0.00,
2017-7-12 00:00:00,0.380,82.90,
2017-7-13 00:00:00,null,0.00,
2017-7-14 00:00:00,0.386,42.67,
2017-7-15 00:00:00,0.347,29.52,
2017-7-16 00:00:00,null,0.00,
2017-7-17 00:00:00,null,0.00,
2017-7-18 00:00:00,null,0.00,
2017-7-19 00:00:00,null,0.00,
2017-7-20 00:00:00,0.380,37.78,
2017-7-21 00:00:00,null,0.00,
2017-7-22 00:00:00,null,0.00,
2017-7-23 00:00:00,0.368,60.33,
2017-7-24 00:00:00,null,0.00,
2017-7-25 00:00:00,null,0.00,
2017-7-26 00:00:00,null,0.00,
2017-7-27 00:00:00,null,0.00,
2017-7-28 00:00:00,null,0.00,
2017-7-29 00:00:00,null,0.00,
2017-7-30 00:00:00,0.342,32.12,
2017-7-31 00:00:00,null,0.00,
2017-8-1 00:00:00,null,0.00,
2017-8-2 00:00:00,0.388,37.66,
2017-8-3 00:00:00,null,0.00,
2017-8-4 00:00:00,null,0.00,
2017-8-5 00:00:00,0.374,83.26,
2017-8-6 00:00:00,null,0.00,
2017-8-7 00:00:00,0.365,82.31,
2017-8-8 00:00:00,null,0.00,
2017-8-9 00:00:00,null,0.00,
2017-8-10 00:00:00,0.332,31.90,
2017-8-11 00:00:00,null,0.00,
2017-8-12 00:00:00,null,0.00,
2017-8-13 00:00:00,0.430,37.07,
2017-8-14 00:00:00,null,0.00,
2017-8-15 00:00:00,null,0.00,
2017-8-16 00:00:00,0.386,54.07,
2017-8-17 00:00:00,null,0.00,
2017-8-18 00:00:00,null,0.00,
2017-8-19 00:00:00,null,0.00,
2017-8-20 00:00:00,null,0.00,
2017-8-21 00:00:00,0.359,82.82,
2017-8-22 00:00:00,null,0.00,
2017-8-23 00:00:00,null,0.00,
2017-8-24 00:00:00,null,0.00,
2017-8-25 00:00:00,null,0.00,
2017-8-26 00:00:00,0.385,37.61,
2017-8-27 00:00:00,null,0.00,
2017-8-28 00:00:00,null,0.00,
2017-8-29 00:00:00,0.345,84.13,
2017-8-30 00:00:00,null,0.00,
2017-8-31 00:00:00,0.342,82.67,
2017-9-1 00:00:00,null,0.00,
2017-9-2 00:00:00,null,0.00,
2017-9-3 00:00:00,0.332,32.33,
2017-9-4 00:00:00,null,0.00,
2017-9-5 00:00:00,null,0.00,
2017-9-6 00:00:00,0.370,37.79,
2017-9-7 00:00:00,null,0.00,
2017-9-8 00:00:00,null,0.00,
2017-9-9 00:00:00,0.331,49.64,
2017-9-10 00:00:00,null,0.00,
2017-9-11 00:00:00,null,0.00,
2017-9-12 00:00:00,null,0.00,
2017-9-13 00:00:00,null,0.00,
2017-9-14 00:00:00,0.321,83.15,
2017-9-15 00:00:00,null,0.00,
2017-9-16 00:00:00,0.291,32.61,
2017-9-17 00:00:00,null,0.00,
2017-9-18 00:00:00,null,0.00,
2017-9-19 00:00:00,0.333,37.71,
2017-9-20 00:00:00,null,0.00,
2017-9-21 00:00:00,null,0.00,
2017-9-22 00:00:00,0.343,84.55,
2017-9-23 00:00:00,null,0.00,
2017-9-24 00:00:00,0.321,82.90,
2017-9-25 00:00:00,null,0.00,
2017-9-26 00:00:00,null,0.00,
2017-9-27 00:00:00,0.278,32.78,
2017-9-28 00:00:00,null,0.00,
2017-9-29 00:00:00,null,0.00,
2017-9-30 00:00:00,0.351,37.59,
2017-10-1 00:00:00,null,0.00,
2017-10-2 00:00:00,null,0.00,
2017-10-3 00:00:00,0.314,49.10,
2017-10-4 00:00:00,null,0.00,
2017-10-5 00:00:00,null,0.00,
2017-10-6 00:00:00,null,0.00,
2017-10-7 00:00:00,null,0.00,
2017-10-8 00:00:00,0.273,83.65,
2017-10-9 00:00:00,null,0.00,
2017-10-10 00:00:00,0.256,32.73,
2017-10-11 00:00:00,null,0.00,
2017-10-12 00:00:00,null,0.00,
2017-10-13 00:00:00,0.279,15.83,
2017-10-14 00:00:00,null,0.00,
2017-10-15 00:00:00,null,0.00,
2017-10-16 00:00:00,0.256,85.19,
2017-10-17 00:00:00,null,0.00,
2017-10-18 00:00:00,0.242,83.45,
2017-10-19 00:00:00,null,0.00,
2017-10-20 00:00:00,null,0.00,
2017-10-21 00:00:00,null,0.00,
2017-10-22 00:00:00,null,0.00,
2017-10-23 00:00:00,null,0.00,
2017-10-24 00:00:00,0.280,37.60,
2017-10-25 00:00:00,null,0.00,
2017-10-26 00:00:00,null,0.00,
2017-10-27 00:00:00,0.248,50.30,
2017-10-28 00:00:00,null,0.00,
2017-10-29 00:00:00,null,0.00,
2017-10-30 00:00:00,null,0.00,
2017-10-31 00:00:00,null,0.00,
2017-11-1 00:00:00,0.255,79.09,
2017-11-2 00:00:00,null,0.00,
2017-11-5 00:00:00,null,0.00,
2017-11-6 00:00:00,null,0.00,
2017-11-7 00:00:00,null,0.00,
2017-11-8 00:00:00,null,0.00,
2017-11-9 00:00:00,0.242,82.61,
2017-11-10 00:00:00,null,0.00,
2017-11-11 00:00:00,null,0.00,
2017-11-12 00:00:00,null,0.00,
2017-11-13 00:00:00,null,0.00,
2017-11-14 00:00:00,0.209,28.43,
2017-11-15 00:00:00,null,0.00,
2017-11-16 00:00:00,null,0.00,
2017-11-17 00:00:00,0.258,37.83,
2017-11-18 00:00:00,null,0.00,
2017-11-19 00:00:00,null,0.00,
2017-11-20 00:00:00,0.236,52.05,
2017-11-21 00:00:00,null,0.00,
2017-11-22 00:00:00,null,0.00,
2017-11-23 00:00:00,null,0.00,
2017-11-24 00:00:00,null,0.00,
2017-11-25 00:00:00,0.214,74.99,
2017-11-26 00:00:00,null,0.00,
2017-11-27 00:00:00,0.192,27.02,
2017-11-28 00:00:00,null,0.00,
2017-11-29 00:00:00,null,0.00,
2017-11-30 00:00:00,0.232,37.47,
2017-12-1 00:00:00,null,0.00,
2017-12-2 00:00:00,null,0.00,
2017-12-3 00:00:00,0.221,77.86,
2017-12-4 00:00:00,null,0.00,
2017-12-5 00:00:00,0.211,77.65,
2017-12-6 00:00:00,null,0.00,
2017-12-7 00:00:00,null,0.00,
2017-12-8 00:00:00,0.186,28.47,
2017-12-9 00:00:00,null,0.00,
2017-12-10 00:00:00,null,0.00,
2017-12-11 00:00:00,0.245,15.99,
2017-12-12 00:00:00,null,0.00,
2017-12-13 00:00:00,null,0.00,
2017-12-14 00:00:00,0.236,53.22,
2017-12-15 00:00:00,null,0.00,
2017-12-16 00:00:00,null,0.00,
2017-12-17 00:00:00,null,0.00,
2017-12-18 00:00:00,null,0.00,
2017-12-19 00:00:00,0.202,75.07,
2017-12-20 00:00:00,null,0.00,
2017-12-21 00:00:00,0.184,27.54,
2017-12-22 00:00:00,null,0.00,
2017-12-23 00:00:00,null,0.00,
2017-12-24 00:00:00,0.247,37.59,
2017-12-25 00:00:00,null,0.00,
2017-12-26 00:00:00,null,0.00,
2017-12-27 00:00:00,0.230,75.61,
2017-12-28 00:00:00,null,0.00,
2017-12-29 00:00:00,0.209,43.41,
2017-12-30 00:00:00,0.228,23.25,
2017-12-31 00:00:00,null,0.00,
2018-1-1 00:00:00,0.186,25.43,
2018-1-2 00:00:00,null,0.00,
2018-1-3 00:00:00,null,0.00,
2018-1-4 00:00:00,0.254,36.38,
2018-1-5 00:00:00,null,0.00,
2018-1-6 00:00:00,null,0.00,
2018-1-7 00:00:00,0.244,48.53,
2018-1-8 00:00:00,null,0.00,
2018-1-9 00:00:00,null,0.00,
2018-1-10 00:00:00,null,0.00,
2018-1-11 00:00:00,null,0.00,
2018-1-12 00:00:00,0.212,76.59,
2018-1-13 00:00:00,null,0.00,
2018-1-14 00:00:00,0.191,26.30,
2018-1-15 00:00:00,null,0.00,
2018-1-16 00:00:00,null,0.00,
2018-1-17 00:00:00,0.242,37.13,
2018-1-18 00:00:00,null,0.00,
2018-1-19 00:00:00,null,0.00,
2018-1-20 00:00:00,0.233,76.48,
2018-1-21 00:00:00,null,0.00,
2018-1-22 00:00:00,0.204,72.99,
2018-1-23 00:00:00,null,0.00,
2018-1-24 00:00:00,null,0.00,
2018-1-25 00:00:00,0.228,25.55,
2018-1-26 00:00:00,null,0.00,
2018-1-27 00:00:00,null,0.00,
2018-1-28 00:00:00,0.254,37.12,
2018-1-29 00:00:00,null,0.00,
2018-1-30 00:00:00,null,0.00,
2018-1-31 00:00:00,0.226,49.71,
2018-2-1 00:00:00,null,0.00,
2018-2-2 00:00:00,null,0.00,
2018-2-3 00:00:00,null,0.00,
2018-2-4 00:00:00,null,0.00,
2018-2-5 00:00:00,0.212,72.11,
2018-2-6 00:00:00,null,0.00,
2018-2-7 00:00:00,0.185,26.84,
2018-2-8 00:00:00,null,0.00,
2018-2-9 00:00:00,null,0.00,
2018-2-10 00:00:00,0.252,37.38,
2018-2-11 00:00:00,null,0.00,
2018-2-12 00:00:00,null,0.00,
2018-2-13 00:00:00,0.239,77.74,
2018-2-14 00:00:00,null,0.00,
2018-2-15 00:00:00,null,0.00,
2018-2-16 00:00:00,null,0.00,
2018-2-17 00:00:00,null,0.00,
2018-2-18 00:00:00,0.173,26.16,
2018-2-19 00:00:00,null,0.00,
2018-2-20 00:00:00,null,0.00,
2018-2-21 00:00:00,0.225,37.29,
2018-2-22 00:00:00,null,0.00,
2018-2-23 00:00:00,null,0.00,
2018-2-24 00:00:00,0.218,52.71,
2018-2-25 00:00:00,null,0.00,
2018-2-26 00:00:00,null,0.00,
2018-2-27 00:00:00,null,0.00,
2018-2-28 00:00:00,null,0.00,
2018-3-1 00:00:00,0.188,75.01,
2018-3-2 00:00:00,null,0.00,
2018-3-3 00:00:00,0.187,26.93,
2018-3-4 00:00:00,null,0.00,
2018-3-5 00:00:00,null,0.00,
2018-3-6 00:00:00,0.238,37.45,
2018-3-7 00:00:00,null,0.00,
2018-3-8 00:00:00,null,0.00,
2018-3-9 00:00:00,0.205,78.53,
2018-3-10 00:00:00,null,0.00,
2018-3-11 00:00:00,0.177,75.50,
2018-3-12 00:00:00,null,0.00,
2018-3-13 00:00:00,null,0.00,
2018-3-14 00:00:00,null,0.00,
2018-3-15 00:00:00,null,0.00,
2018-3-16 00:00:00,null,0.00,
2018-3-17 00:00:00,null,0.00,
2018-3-18 00:00:00,null,0.00,
2018-3-19 00:00:00,null,0.00,
2018-3-20 00:00:00,0.214,50.24,
2018-3-21 00:00:00,null,0.00,
2018-3-22 00:00:00,null,0.00,
2018-3-23 00:00:00,null,0.00,
2018-3-24 00:00:00,null,0.00,
2018-3-25 00:00:00,0.188,77.06,
2018-3-26 00:00:00,null,0.00,
2018-3-27 00:00:00,0.166,26.85,
2018-3-28 00:00:00,null,0.00,
2018-3-29 00:00:00,null,0.00,
2018-3-30 00:00:00,0.222,37.62,
2018-3-31 00:00:00,null,0.00,
2018-4-1 00:00:00,null,0.00,
2018-4-2 00:00:00,0.221,80.39,
2018-4-3 00:00:00,null,0.00,
2018-4-4 00:00:00,0.223,77.62,
2018-4-5 00:00:00,null,0.00,
2018-4-6 00:00:00,null,0.00,
2018-4-7 00:00:00,0.240,28.23,
2018-4-8 00:00:00,null,0.00,
2018-4-9 00:00:00,null,0.00,
2018-4-10 00:00:00,0.258,22.39,
2018-4-11 00:00:00,null,0.00,
2018-4-12 00:00:00,null,0.00,
2018-4-13 00:00:00,0.280,51.55,
2018-4-14 00:00:00,null,0.00,
2018-4-15 00:00:00,null,0.00,
2018-4-16 00:00:00,null,0.00,
2018-4-17 00:00:00,null,0.00,
2018-4-18 00:00:00,0.259,79.00,
2018-4-19 00:00:00,null,0.00,
2018-4-20 00:00:00,0.232,29.63,
2018-4-21 00:00:00,null,0.00,
2018-4-22 00:00:00,null,0.00,
2018-4-23 00:00:00,0.242,37.48,
2018-4-24 00:00:00,null,0.00,
2018-4-25 00:00:00,null,0.00,
2018-4-26 00:00:00,0.227,53.66,
2018-4-27 00:00:00,null,0.00,
2018-4-28 00:00:00,0.197,79.04,
2018-4-29 00:00:00,null,0.00,
2018-4-30 00:00:00,null,0.00,
2018-5-1 00:00:00,0.277,28.97,
2018-5-2 00:00:00,null,0.00,
2018-5-3 00:00:00,null,0.00,
2018-5-4 00:00:00,0.326,37.43,
2018-5-5 00:00:00,null,0.00,
2018-5-6 00:00:00,null,0.00,
2018-5-7 00:00:00,0.273,52.73,
2018-5-8 00:00:00,null,0.00,
2018-5-9 00:00:00,null,0.00,
2018-5-10 00:00:00,null,0.00,
2018-5-11 00:00:00,null,0.00,
2018-5-12 00:00:00,0.231,81.50,
2018-5-13 00:00:00,null,0.00,
2018-5-14 00:00:00,0.345,30.97,
2018-5-15 00:00:00,null,0.00,
2018-5-16 00:00:00,null,0.00,
2018-5-17 00:00:00,0.308,37.44,
2018-5-18 00:00:00,null,0.00,
2018-5-19 00:00:00,null,0.00,
2018-5-20 00:00:00,null,0.00,
2018-5-21 00:00:00,null,0.00,
2018-5-22 00:00:00,0.265,83.50,
2018-5-23 00:00:00,null,0.00,
2018-5-24 00:00:00,null,0.00,
2018-5-25 00:00:00,0.217,32.38,
2018-5-26 00:00:00,null,0.00,
2018-5-27 00:00:00,null,0.00,
2018-5-28 00:00:00,0.288,37.71,
2018-5-29 00:00:00,null,0.00,
2018-5-30 00:00:00,null,0.00,
2018-5-31 00:00:00,0.187,19.16,
2018-6-1 00:00:00,null,0.00,
2018-6-2 00:00:00,null,0.00,
2018-6-3 00:00:00,null,0.00,
2018-6-4 00:00:00,null,0.00,
2018-6-5 00:00:00,0.260,83.33,
2018-6-6 00:00:00,null,0.00,
2018-6-7 00:00:00,0.266,32.70,
2018-6-8 00:00:00,0.283,37.71,
2018-6-9 00:00:00,null,0.00,
2018-6-10 00:00:00,null,0.00,
2018-6-11 00:00:00,null,0.00,
2018-6-12 00:00:00,null,0.00,
2018-6-13 00:00:00,0.289,84.65,
2018-6-14 00:00:00,null,0.00,
2018-6-15 00:00:00,0.320,43.32,
2018-6-16 00:00:00,0.302,30.24,
2018-6-17 00:00:00,null,0.00,
2018-6-18 00:00:00,0.293,32.38,
2018-6-19 00:00:00,null,0.00,
2018-6-20 00:00:00,null,0.00,
2018-6-21 00:00:00,null,0.00,
2018-6-22 00:00:00,null,0.00,
2018-6-23 00:00:00,null,0.00,
2018-6-24 00:00:00,0.319,64.53,
2018-6-25 00:00:00,null,0.00,
2018-6-26 00:00:00,null,0.00,
2018-6-27 00:00:00,null,0.00,
2018-6-28 00:00:00,null,0.00,
2018-6-29 00:00:00,0.289,82.83,
2018-6-30 00:00:00,null,0.00,
2018-7-1 00:00:00,0.279,32.07,
2018-7-2 00:00:00,null,0.00,
2018-7-3 00:00:00,null,0.00,
2018-7-4 00:00:00,0.420,37.77,
2018-7-5 00:00:00,null,0.00,
2018-7-6 00:00:00,null,0.00,
2018-7-7 00:00:00,0.360,84.59,
2018-7-8 00:00:00,null,0.00,
2018-7-9 00:00:00,0.403,43.12,
2018-7-10 00:00:00,0.354,30.12,
2018-7-11 00:00:00,null,0.00,
2018-7-12 00:00:00,0.355,31.71,
2018-7-13 00:00:00,null,0.00,
2018-7-14 00:00:00,null,0.00,
2018-7-15 00:00:00,0.393,37.72,
2018-7-16 00:00:00,null,0.00,
2018-7-17 00:00:00,null,0.00,
2018-7-18 00:00:00,0.375,21.02,
2018-7-19 00:00:00,null,0.00,
2018-7-20 00:00:00,null,0.00,
2018-7-21 00:00:00,null,0.00,
2018-7-22 00:00:00,null,0.00,
2018-7-23 00:00:00,0.347,82.64,
2018-7-24 00:00:00,null,0.00,
2018-7-25 00:00:00,null,0.00,
2018-7-26 00:00:00,null,0.00,
2018-7-27 00:00:00,null,0.00,
2018-7-28 00:00:00,0.398,37.59,
2018-7-29 00:00:00,null,0.00,
2018-7-30 00:00:00,null,0.00,
2018-7-31 00:00:00,0.369,83.01,
2018-8-1 00:00:00,null,0.00,
2018-8-2 00:00:00,0.413,43.07,
2018-8-3 00:00:00,0.334,29.12,
2018-8-4 00:00:00,null,0.00,
2018-8-5 00:00:00,0.360,31.58,
2018-8-6 00:00:00,null,0.00,
2018-8-7 00:00:00,null,0.00,
2018-8-8 00:00:00,0.399,37.60,
2018-8-9 00:00:00,null,0.00,
2018-8-10 00:00:00,null,0.00,
2018-8-11 00:00:00,0.365,58.89,
2018-8-12 00:00:00,null,0.00,
2018-8-13 00:00:00,null,0.00,
2018-8-14 00:00:00,null,0.00,
2018-8-15 00:00:00,null,0.00,
2018-8-16 00:00:00,0.358,82.48,
2018-8-17 00:00:00,null,0.00,
2018-8-18 00:00:00,0.340,31.82,
2018-8-19 00:00:00,null,0.00,
2018-8-20 00:00:00,null,0.00,
2018-8-21 00:00:00,0.361,37.62,
2018-8-22 00:00:00,null,0.00,
2018-8-23 00:00:00,null,0.00,
2018-8-24 00:00:00,0.399,28.46,
2018-8-25 00:00:00,null,0.00,
2018-8-26 00:00:00,0.393,43.23,
2018-8-27 00:00:00,0.332,27.63,
2018-8-28 00:00:00,null,0.00,
2018-8-29 00:00:00,0.313,31.73,
2018-8-30 00:00:00,null,0.00,
2018-8-31 00:00:00,null,0.00,
2018-9-1 00:00:00,0.380,37.36,
2018-9-2 00:00:00,null,0.00,
2018-9-3 00:00:00,null,0.00,
2018-9-4 00:00:00,0.350,55.27,
2018-9-5 00:00:00,null,0.00,
2018-9-6 00:00:00,null,0.00,
2018-9-7 00:00:00,null,0.00,
2018-9-8 00:00:00,null,0.00,
2018-9-9 00:00:00,0.321,83.52,
2018-9-10 00:00:00,null,0.00,
2018-9-11 00:00:00,0.306,32.09,
2018-9-12 00:00:00,null,0.00,
2018-9-13 00:00:00,null,0.00,
2018-9-14 00:00:00,0.383,37.76,
2018-9-15 00:00:00,null,0.00,
2018-9-16 00:00:00,null,0.00,
2018-9-17 00:00:00,0.332,84.53,
2018-9-18 00:00:00,null,0.00,
2018-9-19 00:00:00,0.305,83.52,
2018-9-20 00:00:00,null,0.00,
2018-9-21 00:00:00,null,0.00,
2018-9-22 00:00:00,0.269,32.41,
2018-9-23 00:00:00,null,0.00,
2018-9-24 00:00:00,null,0.00,
2018-9-25 00:00:00,0.318,37.82,
2018-9-26 00:00:00,null,0.00,
2018-9-27 00:00:00,null,0.00,
2018-9-28 00:00:00,0.282,53.40,
2018-9-29 00:00:00,null,0.00,
2018-9-30 00:00:00,null,0.00,
2018-10-1 00:00:00,null,0.00,
2018-10-2 00:00:00,null,0.00,
2018-10-3 00:00:00,0.250,83.48,
2018-10-4 00:00:00,null,0.00,
2018-10-5 00:00:00,0.240,32.84,
2018-10-6 00:00:00,null,0.00,
2018-10-7 00:00:00,null,0.00,
2018-10-8 00:00:00,0.298,37.65,
2018-10-9 00:00:00,null,0.00,
2018-10-10 00:00:00,null,0.00,
2018-10-11 00:00:00,0.253,85.21,
2018-10-12 00:00:00,null,0.00,
2018-10-13 00:00:00,0.241,83.09,
2018-10-14 00:00:00,null,0.00,
2018-10-15 00:00:00,null,0.00,
2018-10-16 00:00:00,0.217,32.36,
2018-10-17 00:00:00,null,0.00,
2018-10-18 00:00:00,null,0.00,
2018-10-19 00:00:00,0.265,37.44,
2018-10-20 00:00:00,null,0.00,
2018-10-21 00:00:00,null,0.00,
2018-10-22 00:00:00,0.241,52.31,
2018-10-23 00:00:00,null,0.00,
2018-10-24 00:00:00,null,0.00,
2018-10-25 00:00:00,null,0.00,
2018-10-26 00:00:00,null,0.00,
2018-10-27 00:00:00,0.231,78.59,
2018-10-28 00:00:00,null,0.00,
2018-10-29 00:00:00,0.198,28.54,
2018-10-30 00:00:00,null,0.00,
2018-10-31 00:00:00,null,0.00,
2018-11-1 00:00:00,0.255,37.41,
2018-11-2 00:00:00,null,0.00,
2018-11-3 00:00:00,null,0.00,
2018-11-4 00:00:00,0.238,82.02,
2018-11-5 00:00:00,null,0.00,
2018-11-6 00:00:00,0.224,78.14,
2018-11-7 00:00:00,null,0.00,
2018-11-8 00:00:00,null,0.00,
2018-11-9 00:00:00,0.195,27.57,
2018-11-10 00:00:00,null,0.00,
2018-11-11 00:00:00,null,0.00,
2018-11-12 00:00:00,0.255,37.45,
2018-11-13 00:00:00,null,0.00,
2018-11-14 00:00:00,null,0.00,
2018-11-15 00:00:00,0.231,50.87,
2018-11-16 00:00:00,null,0.00,
2018-11-17 00:00:00,null,0.00,
2018-11-18 00:00:00,null,0.00,
2018-11-19 00:00:00,null,0.00,
2018-11-20 00:00:00,0.213,76.85,
2018-11-21 00:00:00,null,0.00,
2018-11-22 00:00:00,0.183,27.30,
2018-11-23 00:00:00,null,0.00,
2018-11-24 00:00:00,null,0.00,
2018-11-25 00:00:00,0.240,37.69,
2018-11-26 00:00:00,null,0.00,
2018-11-27 00:00:00,null,0.00,
2018-11-28 00:00:00,0.219,80.18,
2018-11-29 00:00:00,null,0.00,
2018-11-30 00:00:00,0.207,78.44,
2018-12-1 00:00:00,null,0.00,
2018-12-2 00:00:00,null,0.00,
2018-12-3 00:00:00,0.197,26.64,
2018-12-4 00:00:00,null,0.00,
2018-12-5 00:00:00,null,0.00,
2018-12-6 00:00:00,0.249,37.33,
2018-12-7 00:00:00,null,0.00,
2018-12-8 00:00:00,null,0.00,
2018-12-9 00:00:00,0.235,50.45,
2018-12-10 00:00:00,null,0.00,
2018-12-11 00:00:00,null,0.00,
2018-12-12 00:00:00,null,0.00,
2018-12-13 00:00:00,null,0.00,
2018-12-14 00:00:00,0.212,71.92,
2018-12-15 00:00:00,null,0.00,
2018-12-16 00:00:00,0.188,24.56,
2018-12-17 00:00:00,null,0.00,
2018-12-18 00:00:00,null,0.00,
2018-12-19 00:00:00,0.235,36.99,
2018-12-20 00:00:00,null,0.00,
2018-12-21 00:00:00,null,0.00,
2018-12-22 00:00:00,0.208,74.76,
2018-12-23 00:00:00,null,0.00,
2018-12-24 00:00:00,0.202,71.07,
2018-12-25 00:00:00,null,0.00,
2018-12-26 00:00:00,null,0.00,
2018-12-27 00:00:00,0.181,24.02,
2018-12-28 00:00:00,null,0.00,
2018-12-29 00:00:00,null,0.00,
2018-12-30 00:00:00,0.246,35.38,
2018-12-31 00:00:00,null,0.00,
2019-1-1 00:00:00,null,0.00,
2019-1-2 00:00:00,0.248,47.41,
2019-1-3 00:00:00,null,0.00,
2019-1-4 00:00:00,null,0.00,
2019-1-5 00:00:00,null,0.00,
2019-1-6 00:00:00,null,0.00,
2019-1-7 00:00:00,0.208,69.97,
2019-1-8 00:00:00,null,0.00,
2019-1-9 00:00:00,0.190,24.23,
2019-1-10 00:00:00,null,0.00,
2019-1-11 00:00:00,null,0.00,
2019-1-12 00:00:00,0.247,36.83,
2019-1-13 00:00:00,null,0.00,
2019-1-14 00:00:00,null,0.00,
2019-1-15 00:00:00,0.239,72.23,
2019-1-16 00:00:00,null,0.00,
2019-1-17 00:00:00,0.214,70.05,
2019-1-18 00:00:00,null,0.00,
2019-1-19 00:00:00,null,0.00,
2019-1-20 00:00:00,0.193,24.02,
2019-1-21 00:00:00,null,0.00,
2019-1-22 00:00:00,null,0.00,
2019-1-23 00:00:00,0.286,37.06,
2019-1-24 00:00:00,null,0.00,
2019-1-25 00:00:00,null,0.00,
2019-1-26 00:00:00,0.303,52.04,
2019-1-27 00:00:00,null,0.00,
2019-1-28 00:00:00,null,0.00,
2019-1-29 00:00:00,null,0.00,
2019-1-30 00:00:00,null,0.00,
2019-1-31 00:00:00,0.237,73.01,
2019-2-1 00:00:00,null,0.00,
2019-2-2 00:00:00,0.203,25.61,
2019-2-3 00:00:00,null,0.00,
2019-2-4 00:00:00,null,0.00,
2019-2-5 00:00:00,0.266,37.71,
2019-2-6 00:00:00,null,0.00,
2019-2-7 00:00:00,null,0.00,
2019-2-8 00:00:00,0.304,50.96,
2019-2-9 00:00:00,null,0.00,
2019-2-10 00:00:00,0.344,43.45,
2019-2-11 00:00:00,0.300,25.63,
2019-2-12 00:00:00,null,0.00,
2019-2-13 00:00:00,0.260,26.28,
2019-2-14 00:00:00,null,0.00,
2019-2-15 00:00:00,null,0.00,
2019-2-16 00:00:00,0.327,37.73,
2019-2-17 00:00:00,null,0.00,
2019-2-18 00:00:00,null,0.00,
2019-2-19 00:00:00,0.290,56.84,
2019-2-20 00:00:00,null,0.00,
2019-2-21 00:00:00,null,0.00,
2019-2-22 00:00:00,null,0.00,
2019-2-23 00:00:00,null,0.00,
2019-2-24 00:00:00,0.249,76.07,
2019-2-25 00:00:00,null,0.00,
2019-2-26 00:00:00,0.202,26.81,
2019-2-27 00:00:00,null,0.00,
2019-2-28 00:00:00,null,0.00,
2019-3-1 00:00:00,0.336,37.40,
2019-3-2 00:00:00,null,0.00,
2019-3-3 00:00:00,null,0.00,
2019-3-4 00:00:00,0.263,28.69,
2019-3-5 00:00:00,null,0.00,
2019-3-6 00:00:00,0.258,43.16,
2019-3-7 00:00:00,0.258,27.15,
2019-3-8 00:00:00,null,0.00,
2019-3-9 00:00:00,0.208,26.50,
2019-3-10 00:00:00,null,0.00,
2019-3-11 00:00:00,null,0.00,
2019-3-12 00:00:00,0.242,37.37,
2019-3-13 00:00:00,null,0.00,
2019-3-14 00:00:00,null,0.00,
2019-3-15 00:00:00,0.233,56.90,
2019-3-16 00:00:00,null,0.00,
2019-3-17 00:00:00,null,0.00,
2019-3-18 00:00:00,null,0.00,
2019-3-19 00:00:00,null,0.00,
2019-3-20 00:00:00,0.224,76.79,
2019-3-21 00:00:00,null,0.00,
2019-3-22 00:00:00,0.174,27.16,
2019-3-23 00:00:00,null,0.00,
2019-3-24 00:00:00,null,0.00,
2019-3-25 00:00:00,0.207,37.42,
2019-3-26 00:00:00,null,0.00,
2019-3-27 00:00:00,null,0.00,
2019-3-28 00:00:00,0.253,79.26,
2019-3-29 00:00:00,null,0.00,
2019-3-30 00:00:00,0.205,77.90,
2019-3-31 00:00:00,null,0.00,
2019-4-1 00:00:00,null,0.00,
2019-4-2 00:00:00,0.200,27.96,
2019-4-3 00:00:00,null,0.00,
2019-4-4 00:00:00,null,0.00,
2019-4-5 00:00:00,0.205,22.37,
2019-4-6 00:00:00,null,0.00,
2019-4-7 00:00:00,null,0.00,
2019-4-8 00:00:00,0.296,53.53,
2019-4-9 00:00:00,null,0.00,
2019-4-10 00:00:00,null,0.00,
2019-4-11 00:00:00,null,0.00,
2019-4-12 00:00:00,null,0.00,
2019-4-13 00:00:00,0.263,80.51,
2019-4-14 00:00:00,null,0.00,
2019-4-15 00:00:00,0.257,30.43,
2019-4-16 00:00:00,null,0.00,
2019-4-17 00:00:00,null,0.00,
2019-4-18 00:00:00,0.321,37.36,
2019-4-19 00:00:00,null,0.00,
2019-4-20 00:00:00,null,0.00,
2019-4-21 00:00:00,0.251,82.71,
2019-4-22 00:00:00,null,0.00,
2019-4-23 00:00:00,0.258,80.68,
2019-4-24 00:00:00,null,0.00,
2019-4-25 00:00:00,null,0.00,
2019-4-26 00:00:00,0.212,30.60,
2019-4-27 00:00:00,null,0.00,
2019-4-28 00:00:00,null,0.00,
2019-4-29 00:00:00,0.236,37.24,
2019-4-30 00:00:00,null,0.00,
2019-5-1 00:00:00,null,0.00,
2019-5-2 00:00:00,0.247,52.11,
2019-5-3 00:00:00,null,0.00,
2019-5-4 00:00:00,null,0.00,
2019-5-5 00:00:00,null,0.00,
2019-5-6 00:00:00,null,0.00,
2019-5-7 00:00:00,0.214,81.62,
2019-5-8 00:00:00,null,0.00,
2019-5-9 00:00:00,0.161,31.09,
2019-5-10 00:00:00,null,0.00,
2019-5-11 00:00:00,null,0.00,
2019-5-12 00:00:00,0.227,37.45,
2019-5-13 00:00:00,null,0.00,
2019-5-14 00:00:00,null,0.00,
2019-5-15 00:00:00,0.259,56.47,
2019-5-16 00:00:00,null,0.00,
2019-5-17 00:00:00,null,0.00,
2019-5-18 00:00:00,null,0.00,
2019-5-19 00:00:00,null,0.00,
2019-5-20 00:00:00,null,0.00,
2019-5-21 00:00:00,null,0.00,
2019-5-22 00:00:00,null,0.00,
2019-5-23 00:00:00,null,0.00,
2019-5-24 00:00:00,null,0.00,
2019-5-25 00:00:00,null,0.00,
2019-5-26 00:00:00,null,0.00,
2019-5-27 00:00:00,null,0.00,
2019-5-28 00:00:00,null,0.00,
2019-5-29 00:00:00,null,0.00,
2019-5-30 00:00:00,null,0.00,
2019-5-31 00:00:00,null,0.00,
2019-6-1 00:00:00,null,0.00,
2019-6-2 00:00:00,0.103,2.05,
2019-6-3 00:00:00,null,0.00,
2019-6-4 00:00:00,null,0.00,
2019-6-5 00:00:00,0.245,37.74,
2019-6-6 00:00:00,null,0.00,
2019-6-7 00:00:00,null,0.00,
2019-6-8 00:00:00,0.260,82.60,
2019-6-9 00:00:00,null,0.00,
2019-6-10 00:00:00,0.257,82.80,
2019-6-11 00:00:00,null,0.00,
2019-6-12 00:00:00,null,0.00,
2019-6-13 00:00:00,0.202,31.03,
2019-6-14 00:00:00,null,0.00,
2019-6-15 00:00:00,null,0.00,
2019-6-16 00:00:00,null,0.00,
2019-6-17 00:00:00,null,0.00,
2019-6-18 00:00:00,null,0.00,
2019-6-19 00:00:00,null,0.00,
2019-7-27 00:00:00,null,0.00,
2019-7-31 00:00:00,0.337,31.83,
2019-8-1 00:00:00,null,0.00,
2019-8-2 00:00:00,null,0.00,
2019-8-3 00:00:00,0.398,37.55,
2019-8-4 00:00:00,null,0.00,
2019-8-5 00:00:00,null,0.00,
2019-8-6 00:00:00,0.377,48.72,
2019-8-7 00:00:00,null,0.00,
2019-8-8 00:00:00,null,0.00,
2019-8-9 00:00:00,null,0.00,
2019-8-10 00:00:00,null,0.00,
2019-8-11 00:00:00,0.377,82.36,
2019-8-12 00:00:00,null,0.00,
2019-8-13 00:00:00,0.340,32.05,
2019-8-14 00:00:00,null,0.00,
2019-8-15 00:00:00,null,0.00,
2019-8-16 00:00:00,0.369,37.60,
2019-8-17 00:00:00,null,0.00,
2019-8-18 00:00:00,null,0.00,
2019-8-19 00:00:00,0.353,86.21,
2019-8-20 00:00:00,null,0.00,
2019-8-21 00:00:00,0.282,39.53,
2019-8-22 00:00:00,null,0.00,
2019-8-23 00:00:00,null,0.00,
2019-8-24 00:00:00,0.119,1.71,
2019-8-25 00:00:00,null,0.00,
2019-8-26 00:00:00,null,0.00,
2019-8-27 00:00:00,0.352,37.64,
2019-8-28 00:00:00,null,0.00,
2019-8-29 00:00:00,null,0.00,
2019-8-30 00:00:00,0.319,51.87,
2019-8-31 00:00:00,null,0.00,
2019-9-1 00:00:00,null,0.00,
2019-9-2 00:00:00,null,0.00,
2019-9-3 00:00:00,null,0.00,
2019-9-4 00:00:00,0.336,83.31,
2019-9-5 00:00:00,null,0.00,
2019-9-6 00:00:00,0.295,32.18,
2019-9-7 00:00:00,null,0.00,
2019-9-8 00:00:00,null,0.00,
2019-9-9 00:00:00,0.340,37.41,
2019-9-10 00:00:00,null,0.00,
2019-9-11 00:00:00,null,0.00,
2019-9-12 00:00:00,0.319,84.61,
2019-9-13 00:00:00,null,0.00,
2019-9-14 00:00:00,0.302,83.34,
2019-9-15 00:00:00,null,0.00,
2019-9-16 00:00:00,null,0.00,
2019-9-17 00:00:00,0.311,32.55,
2019-9-18 00:00:00,null,0.00,
2019-9-19 00:00:00,null,0.00,
2019-9-20 00:00:00,0.363,37.63,
2019-9-21 00:00:00,null,0.00,
2019-9-22 00:00:00,null,0.00,
2019-9-23 00:00:00,0.331,54.21,
2019-9-24 00:00:00,null,0.00,
2019-9-25 00:00:00,null,0.00,
2019-9-26 00:00:00,null,0.00,
2019-9-27 00:00:00,null,0.00,
2019-9-28 00:00:00,0.323,91.94,
2019-9-29 00:00:00,null,0.00,
2019-9-30 00:00:00,0.297,32.42,
2019-10-1 00:00:00,null,0.00,
2019-10-2 00:00:00,null,0.00,
2019-10-3 00:00:00,0.342,66.25,
2019-10-4 00:00:00,null,0.00,
2019-10-5 00:00:00,null,0.00,
2019-10-6 00:00:00,null,0.00,
2019-10-7 00:00:00,null,0.00,
2019-10-8 00:00:00,0.312,43.33,
2019-10-9 00:00:00,0.282,27.80,
2019-10-10 00:00:00,null,0.00,
2019-10-11 00:00:00,0.290,90.43,
2019-10-12 00:00:00,null,0.00,
2019-10-13 00:00:00,null,0.00,
2019-10-14 00:00:00,0.308,37.80,
2019-10-15 00:00:00,null,0.00,
2019-10-16 00:00:00,null,0.00,
2019-10-17 00:00:00,0.259,57.62,
2019-10-18 00:00:00,null,0.00,
2019-10-19 00:00:00,0.320,0.69,
2019-10-20 00:00:00,null,0.00,
2019-10-21 00:00:00,null,0.00,
2019-10-22 00:00:00,0.248,91.89,
2019-10-23 00:00:00,null,0.00,
2019-10-24 00:00:00,0.225,32.39,
2019-10-25 00:00:00,null,0.00,
2019-10-26 00:00:00,null,0.00,
2019-10-27 00:00:00,0.278,37.78,
2019-10-28 00:00:00,null,0.00,
2019-10-29 00:00:00,null,0.00,
2019-10-30 00:00:00,0.242,85.50,
2019-10-31 00:00:00,null,0.00,
2019-11-1 00:00:00,0.242,43.17,
2019-11-2 00:00:00,0.226,29.10,
2019-11-3 00:00:00,null,0.00,
2019-11-4 00:00:00,0.231,88.27,
2019-11-5 00:00:00,null,0.00,
2019-11-6 00:00:00,null,0.00,
2019-11-7 00:00:00,0.269,37.43,
2019-11-8 00:00:00,null,0.00,
2019-11-9 00:00:00,null,0.00,
2019-11-10 00:00:00,0.241,60.65,
2019-11-11 00:00:00,null,0.00,
2019-11-12 00:00:00,0.295,0.68,
2019-11-13 00:00:00,null,0.00,
2019-11-14 00:00:00,null,0.00,
2019-11-15 00:00:00,0.229,88.82,
2019-11-16 00:00:00,null,0.00,
2019-11-17 00:00:00,0.197,28.97,
2019-11-18 00:00:00,null,0.00,
2019-11-19 00:00:00,null,0.00,
2019-11-20 00:00:00,0.256,37.38,
2019-11-21 00:00:00,null,0.00,
2019-11-22 00:00:00,null,0.00,
2019-11-23 00:00:00,0.226,84.79,
2019-11-24 00:00:00,null,0.00,
2019-11-25 00:00:00,0.219,43.45,
2019-11-26 00:00:00,0.227,27.51,
2019-11-27 00:00:00,null,0.00,
2019-11-28 00:00:00,0.222,84.45,
2019-11-29 00:00:00,null,0.00,
2019-11-30 00:00:00,null,0.00,
2019-12-1 00:00:00,0.256,37.42,
2019-12-2 00:00:00,null,0.00,
2019-12-3 00:00:00,null,0.00,
2019-12-4 00:00:00,0.230,54.31,
2019-12-5 00:00:00,null,0.00,
2019-12-6 00:00:00,null,0.00,
2019-12-7 00:00:00,null,0.00,
2019-12-8 00:00:00,null,0.00,
2019-12-9 00:00:00,0.222,83.97,
2019-12-10 00:00:00,null,0.00,
2019-12-11 00:00:00,0.192,26.77,
2019-12-12 00:00:00,null,0.00,
2019-12-13 00:00:00,null,0.00,
2019-12-14 00:00:00,0.332,37.71,
2019-12-15 00:00:00,null,0.00,
2019-12-16 00:00:00,null,0.00,
2019-12-17 00:00:00,0.280,83.09,
2019-12-18 00:00:00,null,0.00,
2019-12-19 00:00:00,0.270,76.97,
2019-12-20 00:00:00,0.565,0.01,
2019-12-21 00:00:00,null,0.00,
2019-12-22 00:00:00,0.260,83.63,
2019-12-23 00:00:00,null,0.00,
2019-12-24 00:00:00,null,0.00,
2019-12-25 00:00:00,0.291,37.72,
2019-12-26 00:00:00,null,0.00,
2019-12-27 00:00:00,null,0.00,
2019-12-28 00:00:00,0.279,49.11,
2019-12-29 00:00:00,null,0.00,
2019-12-30 00:00:00,0.216,6.07,
2019-12-31 00:00:00,null,0.00,
2020-1-1 00:00:00,null,0.00,
2020-1-2 00:00:00,0.247,80.20,
2020-1-3 00:00:00,null,0.00,
2020-1-4 00:00:00,0.283,25.49,
2020-1-5 00:00:00,null,0.00,
2020-1-6 00:00:00,null,0.00,
2020-1-7 00:00:00,0.327,37.72,
2020-1-8 00:00:00,null,0.00,
2020-1-9 00:00:00,null,0.00,
2020-1-10 00:00:00,0.290,82.13,
2020-1-11 00:00:00,null,0.00,
2020-1-12 00:00:00,0.278,74.75,
2020-1-13 00:00:00,null,0.00,
2020-1-14 00:00:00,null,0.00,
2020-1-15 00:00:00,0.277,82.88,
2020-1-16 00:00:00,null,0.00,
2020-1-17 00:00:00,null,0.00,
2020-1-18 00:00:00,0.351,37.49,
2020-1-19 00:00:00,null,0.00,
2020-1-20 00:00:00,null,0.00,
2020-1-21 00:00:00,0.323,49.65,
2020-1-22 00:00:00,null,0.00,
2020-1-23 00:00:00,0.276,6.17,
2020-1-24 00:00:00,null,0.00,
2020-1-25 00:00:00,null,0.00,
2020-1-26 00:00:00,0.288,76.33,
2020-1-27 00:00:00,null,0.00,
2020-1-28 00:00:00,0.251,26.50,
2020-1-29 00:00:00,null,0.00,
2020-1-30 00:00:00,null,0.00,
2020-1-31 00:00:00,0.324,37.47,
2020-2-1 00:00:00,null,0.00,
2020-2-2 00:00:00,null,0.00,
2020-2-3 00:00:00,0.282,79.72,
2020-2-4 00:00:00,null,0.00,
2020-2-5 00:00:00,0.262,74.12,
2020-2-6 00:00:00,null,0.00,
2020-2-7 00:00:00,null,0.00,
2020-2-8 00:00:00,0.232,25.63,
2020-2-9 00:00:00,null,0.00,
2020-2-10 00:00:00,null,0.00,
2020-2-11 00:00:00,0.300,37.39,
2020-2-12 00:00:00,null,0.00,
2020-2-13 00:00:00,null,0.00,
2020-2-14 00:00:00,0.265,48.39,
2020-2-15 00:00:00,null,0.00,
2020-2-16 00:00:00,null,0.00,
2020-2-17 00:00:00,null,0.00,
2020-2-18 00:00:00,null,0.00,
2020-2-19 00:00:00,0.229,75.81,
2020-2-20 00:00:00,null,0.00,
2020-2-21 00:00:00,0.196,26.65,
2020-2-22 00:00:00,null,0.00,
2020-2-23 00:00:00,null,0.00,
2020-2-24 00:00:00,0.290,37.48,
2020-2-25 00:00:00,null,0.00,
2020-2-26 00:00:00,null,0.00,
2020-2-27 00:00:00,0.314,79.41,
2020-2-28 00:00:00,null,0.00,
2020-2-29 00:00:00,0.290,76.26,
2020-3-1 00:00:00,0.377,0.01,
2020-3-2 00:00:00,null,0.00,
2020-3-3 00:00:00,0.236,27.06,
2020-3-4 00:00:00,null,0.00,
2020-3-5 00:00:00,null,0.00,
2020-3-6 00:00:00,0.303,37.41,
2020-3-7 00:00:00,null,0.00,
2020-3-8 00:00:00,null,0.00,
2020-3-9 00:00:00,0.316,47.95,
2020-3-10 00:00:00,null,0.00,
2020-3-11 00:00:00,null,0.00,
2020-3-12 00:00:00,null,0.00,
2020-3-13 00:00:00,null,0.00,
2020-3-14 00:00:00,0.273,76.87,
2020-3-15 00:00:00,null,0.00,
2020-3-16 00:00:00,0.233,27.19,
2020-3-17 00:00:00,null,0.00,
2020-3-18 00:00:00,null,0.00,
2020-3-19 00:00:00,0.272,37.35,
2020-3-20 00:00:00,null,0.00,
2020-3-21 00:00:00,null,0.00,
2020-3-22 00:00:00,0.268,79.93,
2020-3-23 00:00:00,null,0.00,
2020-3-24 00:00:00,0.268,77.08,
2020-3-25 00:00:00,null,0.00,
2020-3-26 00:00:00,null,0.00,
2020-3-27 00:00:00,0.216,27.96,
2020-3-28 00:00:00,null,0.00,
2020-3-29 00:00:00,null,0.00,
2020-3-30 00:00:00,0.268,37.28,
2020-3-31 00:00:00,null,0.00,
2020-4-1 00:00:00,null,0.00,
2020-4-2 00:00:00,0.281,14.04,
2020-4-3 00:00:00,null,0.00,
2020-4-4 00:00:00,null,0.00,
2020-4-5 00:00:00,null,0.00,
2020-4-6 00:00:00,null,0.00,
2020-4-7 00:00:00,0.205,78.49,
2020-4-8 00:00:00,null,0.00,
2020-4-9 00:00:00,null,0.00,
2020-4-10 00:00:00,null,0.00,
2020-4-11 00:00:00,null,0.00,
2020-4-12 00:00:00,0.230,37.43,
2020-4-13 00:00:00,null,0.00,
2020-4-14 00:00:00,null,0.00,
2020-4-15 00:00:00,0.243,22.87,
2020-4-16 00:00:00,null,0.00,
2020-4-17 00:00:00,0.236,80.58,
2020-4-18 00:00:00,null,0.00,
2020-4-19 00:00:00,null,0.00,
2020-4-20 00:00:00,0.228,30.21,
2020-4-21 00:00:00,null,0.00,
2020-4-22 00:00:00,null,0.00,
2020-4-23 00:00:00,0.350,37.28,
2020-4-24 00:00:00,null,0.00,
2020-4-25 00:00:00,null,0.00,
2020-4-26 00:00:00,0.299,14.24,
2020-4-27 00:00:00,null,0.00,
2020-4-28 00:00:00,null,0.00,
2020-4-29 00:00:00,null,0.00,
2020-4-30 00:00:00,null,0.00,
2020-5-1 00:00:00,0.293,80.03,
2020-5-2 00:00:00,null,0.00,
2020-5-3 00:00:00,0.272,31.27,
2020-5-4 00:00:00,null,0.00,
2020-5-5 00:00:00,null,0.00,
2020-5-6 00:00:00,0.353,37.24,
2020-5-7 00:00:00,null,0.00,
2020-5-8 00:00:00,null,0.00,
2020-5-9 00:00:00,0.267,23.43,
2020-5-10 00:00:00,null,0.00,
2020-5-11 00:00:00,0.312,80.79,
2020-5-12 00:00:00,null,0.00,
2020-5-13 00:00:00,null,0.00,
2020-5-14 00:00:00,0.228,31.81,
2020-5-15 00:00:00,null,0.00,
2020-5-16 00:00:00,null,0.00,
2020-5-17 00:00:00,0.338,15.93,
2020-5-18 00:00:00,null,0.00,
2020-5-19 00:00:00,null,0.00,
2020-5-20 00:00:00,0.265,16.92,
2020-5-21 00:00:00,null,0.00,
2020-5-22 00:00:00,null,0.00,
2020-5-23 00:00:00,null,0.00,
2020-5-24 00:00:00,null,0.00,
2020-5-25 00:00:00,0.258,82.45,
2020-5-26 00:00:00,null,0.00,
2020-5-27 00:00:00,0.268,32.37,
2020-5-28 00:00:00,null,0.00,
2020-5-29 00:00:00,null,0.00,
2020-5-30 00:00:00,0.378,15.98,
2020-5-31 00:00:00,null,0.00,
2020-6-1 00:00:00,null,0.00,
2020-6-2 00:00:00,0.265,24.72,
2020-6-3 00:00:00,null,0.00,
2020-6-4 00:00:00,0.269,39.67,
2020-6-5 00:00:00,null,0.00,
2020-6-6 00:00:00,null,0.00,
2020-6-7 00:00:00,0.287,32.41,
2020-6-8 00:00:00,null,0.00,
2020-6-9 00:00:00,null,0.00,
2020-6-10 00:00:00,0.322,22.39,
2020-6-11 00:00:00,null,0.00,
2020-6-12 00:00:00,null,0.00,
2020-6-13 00:00:00,0.258,16.57,
2020-6-14 00:00:00,null,0.00,
2020-6-15 00:00:00,null,0.00,
2020-6-16 00:00:00,null,0.00,
2020-6-17 00:00:00,null,0.00,
2020-6-19 00:00:00,null,0.00,
2020-6-20 00:00:00,0.312,31.81,
2020-6-21 00:00:00,null,0.00,
2020-6-22 00:00:00,null,0.00,
2020-6-23 00:00:00,0.385,37.45,
2020-6-24 00:00:00,null,0.00,
2020-6-25 00:00:00,null,0.00,
2020-6-26 00:00:00,0.291,24.62,
2020-6-27 00:00:00,null,0.00,
2020-6-28 00:00:00,0.421,41.65,
2020-6-29 00:00:00,0.323,28.72,
2020-6-30 00:00:00,null,0.00,
2020-7-1 00:00:00,0.328,32.18,
2020-7-2 00:00:00,null,0.00,
2020-7-3 00:00:00,null,0.00,
2020-7-4 00:00:00,0.417,37.25,
2020-7-5 00:00:00,null,0.00,
2020-7-6 00:00:00,null,0.00,
2020-7-7 00:00:00,0.314,18.06,
2020-7-8 00:00:00,null,0.00,
2020-7-9 00:00:00,null,0.00,
2020-7-10 00:00:00,null,0.00,
2020-7-11 00:00:00,null,0.00,
2020-7-12 00:00:00,0.391,82.59,
2020-7-13 00:00:00,null,0.00,
2020-7-14 00:00:00,0.349,31.08,
2020-7-15 00:00:00,null,0.00,
2020-7-16 00:00:00,null,0.00,
2020-7-17 00:00:00,0.384,94.47,
2020-7-18 00:00:00,null,0.00,
2020-7-19 00:00:00,null,0.00,
2020-7-20 00:00:00,null,0.00,
2020-7-21 00:00:00,null,0.00,
2020-7-22 00:00:00,0.380,80.77,
2020-7-23 00:00:00,null,0.00,
2020-7-24 00:00:00,null,0.00,
2020-7-25 00:00:00,0.373,45.97,
2020-7-26 00:00:00,null,0.00,
2020-7-27 00:00:00,null,0.00,
2020-7-28 00:00:00,0.427,36.13,
2020-7-29 00:00:00,null,0.00,
2020-7-30 00:00:00,0.449,17.26,
2020-7-31 00:00:00,0.325,16.20,
2020-8-1 00:00:00,null,0.00,
2020-8-2 00:00:00,null,0.00,
2020-8-3 00:00:00,null,0.00,
2020-8-4 00:00:00,null,0.00,
2020-8-5 00:00:00,0.385,82.03,
2020-8-6 00:00:00,null,0.00,
2020-8-7 00:00:00,0.341,31.87,
2020-8-8 00:00:00,null,0.00,
2020-8-9 00:00:00,null,0.00,
2020-8-10 00:00:00,0.404,37.08,
2020-8-11 00:00:00,null,0.00,
2020-8-12 00:00:00,null,0.00,
2020-8-13 00:00:00,0.354,81.54,
2020-8-14 00:00:00,null,0.00,
2020-8-15 00:00:00,0.370,82.35,
2020-8-16 00:00:00,null,0.00,
2020-8-17 00:00:00,null,0.00,
2020-8-18 00:00:00,null,0.00,
2020-8-19 00:00:00,null,0.00,
2020-8-20 00:00:00,null,0.00,
2020-8-21 00:00:00,0.395,22.36,
2020-8-22 00:00:00,null,0.00,
2020-8-23 00:00:00,null,0.00,
2020-8-24 00:00:00,0.337,52.97,
2020-8-25 00:00:00,null,0.00,
2020-8-26 00:00:00,null,0.00,
2020-8-27 00:00:00,null,0.00,
2020-8-28 00:00:00,null,0.00,
2020-8-29 00:00:00,0.328,82.51,
2020-8-30 00:00:00,null,0.00,
2020-8-31 00:00:00,0.284,32.37,
2020-9-1 00:00:00,null,0.00,
2020-9-2 00:00:00,null,0.00,
2020-9-3 00:00:00,0.355,37.39,
2020-9-4 00:00:00,null,0.00,
2020-9-5 00:00:00,null,0.00,
2020-9-6 00:00:00,0.324,84.34,
2020-9-7 00:00:00,null,0.00,
2020-9-8 00:00:00,0.328,82.46,
2020-9-9 00:00:00,null,0.00,
2020-9-10 00:00:00,null,0.00,
2020-9-11 00:00:00,0.311,32.22,
2020-9-12 00:00:00,null,0.00,
2020-9-13 00:00:00,null,0.00,
2020-9-14 00:00:00,0.366,37.45,
2020-9-15 00:00:00,null,0.00,
2020-9-16 00:00:00,null,0.00,
2020-9-17 00:00:00,0.354,47.62,
2020-9-18 00:00:00,null,0.00,
2020-9-19 00:00:00,null,0.00,
2020-9-20 00:00:00,null,0.00,
2020-9-21 00:00:00,null,0.00,
2020-9-22 00:00:00,0.316,83.20,
2020-9-24 00:00:00,null,0.00,
2020-9-25 00:00:00,null,0.00,
2020-9-26 00:00:00,null,0.00,
2020-9-27 00:00:00,0.380,36.37,
2020-9-28 00:00:00,null,0.00,
2020-9-29 00:00:00,null,0.00,
2020-9-30 00:00:00,0.319,84.28,
2020-10-1 00:00:00,null,0.00,
2020-10-2 00:00:00,0.309,83.13,
2020-10-3 00:00:00,null,0.00,
2020-10-4 00:00:00,null,0.00,
2020-10-5 00:00:00,0.279,32.26,
2020-10-6 00:00:00,null,0.00,
2020-10-7 00:00:00,null,0.00,
2020-10-8 00:00:00,0.341,37.42,
2020-10-9 00:00:00,null,0.00,
2020-10-10 00:00:00,null,0.00,
2020-10-11 00:00:00,0.301,50.19,
2020-10-12 00:00:00,null,0.00,
2020-10-13 00:00:00,null,0.00,
2020-10-14 00:00:00,null,0.00,
2020-10-15 00:00:00,null,0.00,
2020-10-16 00:00:00,0.264,82.97,
2020-10-17 00:00:00,null,0.00,
2020-10-18 00:00:00,0.233,32.48,
2020-10-19 00:00:00,null,0.00,
2020-10-20 00:00:00,null,0.00,
2020-10-21 00:00:00,0.309,37.52,
2020-10-22 00:00:00,null,0.00,
2020-10-23 00:00:00,null,0.00,
2020-10-24 00:00:00,0.256,84.18,
2020-10-25 00:00:00,null,0.00,
2020-10-26 00:00:00,0.245,82.17,
2020-10-27 00:00:00,null,0.00,
2020-10-28 00:00:00,null,0.00,
2020-10-29 00:00:00,0.240,31.03,
2020-10-30 00:00:00,null,0.00,
2020-10-31 00:00:00,null,0.00,
2020-11-6 00:00:00,null,0.00,
2020-11-7 00:00:00,null,0.00,
2020-11-8 00:00:00,null,0.00,
2020-11-9 00:00:00,0.231,79.30,
2020-11-10 00:00:00,null,0.00,
2020-11-11 00:00:00,0.218,28.68,
2020-11-12 00:00:00,null,0.00,
2020-11-13 00:00:00,null,0.00,
2020-11-14 00:00:00,0.264,37.45,
2020-11-15 00:00:00,null,0.00,
2020-11-16 00:00:00,null,0.00,
2020-11-17 00:00:00,0.241,80.86,
2020-11-18 00:00:00,null,0.00,
2020-11-19 00:00:00,0.223,77.38,
2020-11-20 00:00:00,null,0.00,
2020-11-21 00:00:00,null,0.00,
2020-11-22 00:00:00,0.211,27.40,
2020-11-23 00:00:00,null,0.00,
2020-11-24 00:00:00,null,0.00,
2020-11-25 00:00:00,0.243,37.46,
2020-11-26 00:00:00,null,0.00,
2020-11-27 00:00:00,null,0.00,
2020-11-28 00:00:00,0.232,56.26,
2020-11-29 00:00:00,null,0.00,
2020-11-30 00:00:00,null,0.00,
2020-12-1 00:00:00,null,0.00,
2020-12-2 00:00:00,null,0.00,
2020-12-3 00:00:00,0.212,76.83,
2020-12-4 00:00:00,null,0.00,
2020-12-5 00:00:00,0.192,27.46,
2020-12-6 00:00:00,null,0.00,
2020-12-7 00:00:00,null,0.00,
2020-12-8 00:00:00,0.238,37.38,
2020-12-11 00:00:00,null,0.00,
2020-12-12 00:00:00,null,0.00,
2020-12-13 00:00:00,0.201,43.11,
2020-12-14 00:00:00,0.238,25.50,
2020-12-15 00:00:00,null,0.00,
2020-12-16 00:00:00,0.205,25.42,
2020-12-17 00:00:00,null,0.00,
2020-12-18 00:00:00,null,0.00,
2020-12-19 00:00:00,0.255,36.72,
2020-12-20 00:00:00,null,0.00,
2020-12-21 00:00:00,null,0.00,
2020-12-22 00:00:00,0.236,59.58,
2020-12-23 00:00:00,null,0.00,
2020-12-24 00:00:00,null,0.00,
2020-12-25 00:00:00,null,0.00,
2020-12-26 00:00:00,null,0.00,
2020-12-27 00:00:00,0.228,72.57,
2020-12-28 00:00:00,null,0.00,
2020-12-29 00:00:00,0.203,25.10,
2020-12-30 00:00:00,0.262,22.40,
2020-12-31 00:00:00,null,0.00,
2021-1-1 00:00:00,null,0.00,
2021-1-2 00:00:00,null,0.00,
2021-1-3 00:00:00,null,0.00,
2021-1-4 00:00:00,0.220,78.43,
2021-1-5 00:00:00,null,0.00,
2021-1-6 00:00:00,0.221,76.01,
2021-1-7 00:00:00,null,0.00,
2021-1-8 00:00:00,null,0.00,
2021-1-9 00:00:00,0.212,26.54,
2021-1-10 00:00:00,null,0.00,
2021-1-11 00:00:00,null,0.00,
2021-1-12 00:00:00,0.255,37.37,
2021-1-13 00:00:00,null,0.00,
2021-1-14 00:00:00,null,0.00,
2021-1-15 00:00:00,0.240,49.75,
2021-1-16 00:00:00,null,0.00,
2021-1-17 00:00:00,null,0.00,
2021-1-18 00:00:00,null,0.00,
2021-1-19 00:00:00,null,0.00,
2021-1-20 00:00:00,0.224,73.37,
2021-1-21 00:00:00,null,0.00,
2021-1-22 00:00:00,null,0.00,
2021-1-23 00:00:00,null,0.00,
2021-1-24 00:00:00,null,0.00,
2021-1-25 00:00:00,0.249,15.52,
2021-1-28 00:00:00,null,0.00,
2021-1-29 00:00:00,null,0.00,
2021-1-30 00:00:00,0.223,69.15,
2021-1-31 00:00:00,null,0.00,
2021-2-1 00:00:00,null,0.00,
2021-2-2 00:00:00,0.197,24.83,
2021-2-3 00:00:00,null,0.00,
2021-2-4 00:00:00,null,0.00,
2021-2-5 00:00:00,0.255,36.50,
2021-2-6 00:00:00,null,0.00,
2021-2-7 00:00:00,null,0.00,
2021-2-8 00:00:00,0.251,49.94,
2021-2-9 00:00:00,null,0.00,
2021-2-10 00:00:00,null,0.00,
2021-2-11 00:00:00,null,0.00,
2021-2-12 00:00:00,null,0.00,
2021-2-13 00:00:00,0.205,73.19,
2021-2-14 00:00:00,null,0.00,
2021-2-15 00:00:00,0.186,25.39,
2021-2-16 00:00:00,null,0.00,
2021-2-17 00:00:00,null,0.00,
2021-2-18 00:00:00,0.248,37.38,
2021-2-19 00:00:00,null,0.00,
2021-2-20 00:00:00,null,0.00,
2021-2-21 00:00:00,0.230,76.77,
2021-2-22 00:00:00,null,0.00,
2021-2-23 00:00:00,0.200,75.04,
2021-2-24 00:00:00,null,0.00,
2021-2-25 00:00:00,null,0.00,
2021-2-26 00:00:00,0.172,26.96,
2021-2-27 00:00:00,null,0.00,
2021-2-28 00:00:00,null,0.00,
2021-3-1 00:00:00,0.237,37.33,
2021-3-2 00:00:00,null,0.00,
2021-3-3 00:00:00,null,0.00,
2021-3-4 00:00:00,0.214,58.09,
2021-3-5 00:00:00,null,0.00,
2021-3-6 00:00:00,null,0.00,
2021-3-7 00:00:00,null,0.00,
2021-3-8 00:00:00,null,0.00,
2021-3-9 00:00:00,0.206,76.31,
2021-3-10 00:00:00,null,0.00,
2021-3-11 00:00:00,null,0.00,
2021-3-12 00:00:00,null,0.00,
2021-3-13 00:00:00,null,0.00,
2021-3-14 00:00:00,0.289,37.32,
2021-3-15 00:00:00,null,0.00,
2021-3-16 00:00:00,null,0.00,
2021-3-17 00:00:00,0.226,80.29,
2021-3-18 00:00:00,null,0.00,
2021-3-19 00:00:00,0.190,43.03,
2021-3-20 00:00:00,0.230,28.45,
2021-3-21 00:00:00,null,0.00,
2021-3-22 00:00:00,0.181,27.71,
2021-3-23 00:00:00,null,0.00,
2021-3-24 00:00:00,null,0.00,
2021-3-26 00:00:00,null,0.00,
2021-3-27 00:00:00,null,0.00,
2021-3-28 00:00:00,0.214,59.00,
2021-3-29 00:00:00,null,0.00,
2021-3-30 00:00:00,null,0.00,
2021-3-31 00:00:00,null,0.00,
2021-4-1 00:00:00,null,0.00,
2021-4-2 00:00:00,0.223,78.66,
2021-4-3 00:00:00,null,0.00,
2021-4-4 00:00:00,0.178,28.35,
2021-4-5 00:00:00,null,0.00,
2021-4-6 00:00:00,null,0.00,
2021-4-7 00:00:00,0.225,37.31,
2021-4-8 00:00:00,null,0.00,
2021-4-9 00:00:00,null,0.00,
2021-4-10 00:00:00,0.229,80.93,
2021-4-11 00:00:00,null,0.00,
2021-4-14 00:00:00,null,0.00,
2021-4-15 00:00:00,0.167,27.56,
2021-4-16 00:00:00,null,0.00,
2021-4-17 00:00:00,null,0.00,
2021-4-20 00:00:00,null,0.00,
2021-4-21 00:00:00,0.227,58.20,
2021-4-22 00:00:00,null,0.00,
2021-4-23 00:00:00,null,0.00,
2021-4-24 00:00:00,null,0.00,
2021-4-25 00:00:00,null,0.00,
2021-4-26 00:00:00,0.217,78.76,
2021-4-27 00:00:00,null,0.00,
2021-4-28 00:00:00,null,0.00,
2021-4-29 00:00:00,null,0.00,
2021-4-30 00:00:00,null,0.00,
2021-5-1 00:00:00,0.248,37.28,
2021-5-2 00:00:00,null,0.00,
2021-5-3 00:00:00,null,0.00,
2021-5-4 00:00:00,0.283,83.02,
2021-5-5 00:00:00,null,0.00,
2021-5-6 00:00:00,0.328,43.01,
2021-5-7 00:00:00,0.301,27.90,
2021-5-8 00:00:00,null,0.00,
2021-5-9 00:00:00,null,0.00,
2021-5-10 00:00:00,null,0.00,
2021-5-11 00:00:00,null,0.00,
2021-5-12 00:00:00,0.353,37.29,
2021-5-13 00:00:00,null,0.00,
2021-5-14 00:00:00,null,0.00,
2021-5-15 00:00:00,0.343,37.84,
2021-5-16 00:00:00,null,0.00,
2021-5-17 00:00:00,null,0.00,
2021-5-18 00:00:00,null,0.00,
2021-5-19 00:00:00,null,0.00,
2021-5-20 00:00:00,0.305,81.56,
2021-5-21 00:00:00,null,0.00,
2021-5-22 00:00:00,null,0.00,
2021-5-23 00:00:00,null,0.00,
2021-5-24 00:00:00,null,0.00,
2021-5-25 00:00:00,0.289,37.47,
2021-5-26 00:00:00,null,0.00,
2021-5-27 00:00:00,null,0.00,
2021-5-28 00:00:00,0.379,82.11,
2021-5-29 00:00:00,null,0.00,
2021-5-30 00:00:00,0.346,81.44,
