Date,UCSB CHIRPS Rainfall: avg, UCSB CHIRPS Rainfall: avg Percent of AOI with data
2013-5-1 00:00:00,1.141,100.00,
2013-5-2 00:00:00,0.782,100.00,
2013-5-3 00:00:00,0,100.00,
2013-5-4 00:00:00,0,100.00,
2013-5-5 00:00:00,1.127,100.00,
2013-5-6 00:00:00,0,100.00,
2013-5-7 00:00:00,0.431,100.00,
2013-5-8 00:00:00,0,100.00,
2013-5-9 00:00:00,0.791,100.00,
2013-5-10 00:00:00,2.792,100.00,
2013-5-11 00:00:00,2.009,100.00,
2013-5-12 00:00:00,0,100.00,
2013-5-13 00:00:00,0,100.00,
2013-5-14 00:00:00,0,100.00,
2013-5-15 00:00:00,0.685,100.00,
2013-5-16 00:00:00,0,100.00,
2013-5-17 00:00:00,0,100.00,
2013-5-18 00:00:00,0,100.00,
2013-5-19 00:00:00,0,100.00,
2013-5-20 00:00:00,5.430,100.00,
2013-5-21 00:00:00,0.129,100.00,
2013-5-22 00:00:00,0,100.00,
2013-5-23 00:00:00,12.440,100.00,
2013-5-24 00:00:00,0.218,100.00,
2013-5-25 00:00:00,4.648,100.00,
2013-5-26 00:00:00,167.876,100.00,
2013-5-27 00:00:00,0,100.00,
2013-5-28 00:00:00,0,100.00,
2013-5-29 00:00:00,0,100.00,
2013-5-30 00:00:00,0,100.00,
2013-5-31 00:00:00,0.985,100.00,
2013-6-1 00:00:00,0,100.00,
2013-6-2 00:00:00,0,100.00,
2013-6-3 00:00:00,0.678,100.00,
2013-6-4 00:00:00,8.295,100.00,
2013-6-5 00:00:00,19.124,100.00,
2013-6-6 00:00:00,19.032,100.00,
2013-6-7 00:00:00,1.842,100.00,
2013-6-8 00:00:00,8.603,100.00,
2013-6-9 00:00:00,15.427,100.00,
2013-6-10 00:00:00,25.083,100.00,
2013-6-11 00:00:00,14.430,100.00,
2013-6-12 00:00:00,7.091,100.00,
2013-6-13 00:00:00,0,100.00,
2013-6-14 00:00:00,10.195,100.00,
2013-6-15 00:00:00,0.547,100.00,
2013-6-16 00:00:00,3.196,100.00,
2013-6-17 00:00:00,32.609,100.00,
2013-6-18 00:00:00,43.222,100.00,
2013-6-19 00:00:00,1.897,100.00,
2013-6-20 00:00:00,0.827,100.00,
2013-6-21 00:00:00,12.506,100.00,
2013-6-22 00:00:00,14.548,100.00,
2013-6-23 00:00:00,26.435,100.00,
2013-6-24 00:00:00,11.679,100.00,
2013-6-25 00:00:00,3.328,100.00,
2013-6-26 00:00:00,6.065,100.00,
2013-6-27 00:00:00,3.754,100.00,
2013-6-28 00:00:00,23.882,100.00,
2013-6-29 00:00:00,14.093,100.00,
2013-6-30 00:00:00,1.903,100.00,
2013-7-1 00:00:00,0,100.00,
2013-7-2 00:00:00,4.123,100.00,
2013-7-3 00:00:00,3.546,100.00,
2013-7-4 00:00:00,8.486,100.00,
2013-7-5 00:00:00,10.600,100.00,
2013-7-6 00:00:00,16.329,100.00,
2013-7-7 00:00:00,2.091,100.00,
2013-7-8 00:00:00,5.603,100.00,
2013-7-9 00:00:00,16.831,100.00,
2013-7-10 00:00:00,4.424,100.00,
2013-7-11 00:00:00,1.632,100.00,
2013-7-12 00:00:00,3.997,100.00,
2013-7-13 00:00:00,0.447,100.00,
2013-7-14 00:00:00,2.266,100.00,
2013-7-15 00:00:00,0,100.00,
2013-7-16 00:00:00,4.358,100.00,
2013-7-17 00:00:00,8.095,100.00,
2013-7-18 00:00:00,3.236,100.00,
2013-7-19 00:00:00,1.839,100.00,
2013-7-20 00:00:00,0.627,100.00,
2013-7-21 00:00:00,14.399,100.00,
2013-7-22 00:00:00,5.126,100.00,
2013-7-23 00:00:00,1.391,100.00,
2013-7-24 00:00:00,6.577,100.00,
2013-7-25 00:00:00,1.654,100.00,
2013-7-26 00:00:00,14.969,100.00,
2013-7-27 00:00:00,27.539,100.00,
2013-7-28 00:00:00,13.250,100.00,
2013-7-29 00:00:00,2.942,100.00,
2013-7-30 00:00:00,20.814,100.00,
2013-7-31 00:00:00,6.436,100.00,
2013-8-1 00:00:00,21.954,100.00,
2013-8-2 00:00:00,28.673,100.00,
2013-8-3 00:00:00,12.504,100.00,
2013-8-4 00:00:00,16.556,100.00,
2013-8-5 00:00:00,5.681,100.00,
2013-8-6 00:00:00,9.255,100.00,
2013-8-7 00:00:00,1.906,100.00,
2013-8-8 00:00:00,5.545,100.00,
2013-8-9 00:00:00,10.466,100.00,
2013-8-10 00:00:00,15.232,100.00,
2013-8-11 00:00:00,5.493,100.00,
2013-8-12 00:00:00,0,100.00,
2013-8-13 00:00:00,7.778,100.00,
2013-8-14 00:00:00,8.552,100.00,
2013-8-15 00:00:00,22.163,100.00,
2013-8-16 00:00:00,7.021,100.00,
2013-8-17 00:00:00,25.525,100.00,
2013-8-18 00:00:00,2.619,100.00,
2013-8-19 00:00:00,0,100.00,
2013-8-20 00:00:00,10.143,100.00,
2013-8-21 00:00:00,2.599,100.00,
2013-8-22 00:00:00,0.690,100.00,
2013-8-23 00:00:00,14.778,100.00,
2013-8-24 00:00:00,1.570,100.00,
2013-8-25 00:00:00,15.357,100.00,
2013-8-26 00:00:00,19.289,100.00,
2013-8-27 00:00:00,18.276,100.00,
2013-8-28 00:00:00,14.290,100.00,
2013-8-29 00:00:00,0,100.00,
2013-8-30 00:00:00,12.427,100.00,
2013-8-31 00:00:00,5.567,100.00,
2013-9-1 00:00:00,62.868,100.00,
2013-9-2 00:00:00,84.585,100.00,
2013-9-3 00:00:00,2.008,100.00,
2013-9-4 00:00:00,0.309,100.00,
2013-9-5 00:00:00,0,100.00,
2013-9-6 00:00:00,1.157,100.00,
2013-9-7 00:00:00,0,100.00,
2013-9-8 00:00:00,0.423,100.00,
2013-9-9 00:00:00,0,100.00,
2013-9-10 00:00:00,0.848,100.00,
2013-9-11 00:00:00,0,100.00,
2013-9-12 00:00:00,0,100.00,
2013-9-13 00:00:00,0,100.00,
2013-9-14 00:00:00,2.066,100.00,
2013-9-15 00:00:00,0,100.00,
2013-9-16 00:00:00,0,100.00,
2013-9-17 00:00:00,0,100.00,
2013-9-18 00:00:00,10.361,100.00,
2013-9-19 00:00:00,13.303,100.00,
2013-9-20 00:00:00,2.794,100.00,
2013-9-21 00:00:00,2.990,100.00,
2013-9-22 00:00:00,0,100.00,
2013-9-23 00:00:00,2.547,100.00,
2013-9-24 00:00:00,0,100.00,
2013-9-25 00:00:00,15.684,100.00,
2013-9-26 00:00:00,0,100.00,
2013-9-27 00:00:00,12.888,100.00,
2013-9-28 00:00:00,6.557,100.00,
2013-9-29 00:00:00,0,100.00,
2013-9-30 00:00:00,0,100.00,
2013-10-1 00:00:00,0,100.00,
2013-10-2 00:00:00,0,100.00,
2013-10-3 00:00:00,0,100.00,
2013-10-4 00:00:00,10.221,100.00,
2013-10-5 00:00:00,48.401,100.00,
2013-10-6 00:00:00,0,100.00,
2013-10-7 00:00:00,0,100.00,
2013-10-8 00:00:00,0,100.00,
2013-10-9 00:00:00,0,100.00,
2013-10-10 00:00:00,0,100.00,
2013-10-11 00:00:00,0,100.00,
2013-10-12 00:00:00,0,100.00,
2013-10-13 00:00:00,42.819,100.00,
2013-10-14 00:00:00,34.760,100.00,
2013-10-15 00:00:00,0,100.00,
2013-10-16 00:00:00,0,100.00,
2013-10-17 00:00:00,0,100.00,
2013-10-18 00:00:00,0,100.00,
2013-10-19 00:00:00,0,100.00,
2013-10-20 00:00:00,0,100.00,
2013-10-21 00:00:00,0,100.00,
2013-10-22 00:00:00,0,100.00,
2013-10-23 00:00:00,0,100.00,
2013-10-24 00:00:00,0,100.00,
2013-10-25 00:00:00,0,100.00,
2013-10-26 00:00:00,0,100.00,
2013-10-27 00:00:00,0,100.00,
2013-10-28 00:00:00,0,100.00,
2013-10-29 00:00:00,0,100.00,
2013-10-30 00:00:00,0,100.00,
2013-10-31 00:00:00,0,100.00,
2013-11-1 00:00:00,0.191,100.00,
2013-11-2 00:00:00,0.044,100.00,
2013-11-3 00:00:00,0,100.00,
2013-11-4 00:00:00,0,100.00,
2013-11-5 00:00:00,0,100.00,
2013-11-6 00:00:00,0.026,100.00,
2013-11-7 00:00:00,0,100.00,
2013-11-8 00:00:00,0.022,100.00,
2013-11-9 00:00:00,0,100.00,
2013-11-10 00:00:00,0.099,100.00,
2013-11-11 00:00:00,0,100.00,
2013-11-12 00:00:00,0,100.00,
2013-11-13 00:00:00,0,100.00,
2013-11-14 00:00:00,0,100.00,
2013-11-15 00:00:00,0,100.00,
2013-11-16 00:00:00,0,100.00,
2013-11-17 00:00:00,0,100.00,
2013-11-18 00:00:00,0,100.00,
2013-11-19 00:00:00,0,100.00,
2013-11-20 00:00:00,0,100.00,
2013-11-21 00:00:00,0,100.00,
2013-11-22 00:00:00,0,100.00,
2013-11-23 00:00:00,0,100.00,
2013-11-24 00:00:00,0.039,100.00,
2013-11-25 00:00:00,0.031,100.00,
2013-11-26 00:00:00,0,100.00,
2013-11-27 00:00:00,0.070,100.00,
2013-11-28 00:00:00,0,100.00,
2013-11-29 00:00:00,0,100.00,
2013-11-30 00:00:00,0,100.00,
2013-12-1 00:00:00,0,100.00,
2013-12-2 00:00:00,0,100.00,
2013-12-3 00:00:00,0,100.00,
2013-12-4 00:00:00,0,100.00,
2013-12-5 00:00:00,0,100.00,
2013-12-6 00:00:00,0.064,100.00,
2013-12-7 00:00:00,0.490,100.00,
2013-12-8 00:00:00,0,100.00,
2013-12-9 00:00:00,0.329,100.00,
2013-12-10 00:00:00,1.219,100.00,
2013-12-11 00:00:00,0,100.00,
2013-12-12 00:00:00,0,100.00,
2013-12-13 00:00:00,1.769,100.00,
2013-12-14 00:00:00,0,100.00,
2013-12-15 00:00:00,0,100.00,
2013-12-16 00:00:00,0,100.00,
2013-12-17 00:00:00,0,100.00,
2013-12-18 00:00:00,0,100.00,
2013-12-19 00:00:00,0,100.00,
2013-12-20 00:00:00,0,100.00,
2013-12-21 00:00:00,0.107,100.00,
2013-12-22 00:00:00,0,100.00,
2013-12-23 00:00:00,0,100.00,
2013-12-24 00:00:00,0,100.00,
2013-12-25 00:00:00,0,100.00,
2013-12-26 00:00:00,0,100.00,
2013-12-27 00:00:00,0,100.00,
2013-12-28 00:00:00,0,100.00,
2013-12-29 00:00:00,0,100.00,
2013-12-30 00:00:00,0,100.00,
2013-12-31 00:00:00,0.985,100.00,
2014-1-1 00:00:00,0.035,100.00,
2014-1-2 00:00:00,0,100.00,
2014-1-3 00:00:00,0,100.00,
2014-1-4 00:00:00,0,100.00,
2014-1-5 00:00:00,0,100.00,
2014-1-6 00:00:00,0.067,100.00,
2014-1-7 00:00:00,0,100.00,
2014-1-8 00:00:00,0,100.00,
2014-1-9 00:00:00,0,100.00,
2014-1-10 00:00:00,0,100.00,
2014-1-11 00:00:00,0.030,100.00,
2014-1-12 00:00:00,0,100.00,
2014-1-13 00:00:00,0,100.00,
2014-1-14 00:00:00,0,100.00,
2014-1-15 00:00:00,0,100.00,
2014-1-16 00:00:00,0,100.00,
2014-1-17 00:00:00,4.807,100.00,
2014-1-18 00:00:00,10.075,100.00,
2014-1-19 00:00:00,0,100.00,
2014-1-20 00:00:00,0,100.00,
2014-1-21 00:00:00,0,100.00,
2014-1-22 00:00:00,0,100.00,
2014-1-23 00:00:00,0.234,100.00,
2014-1-24 00:00:00,0.307,100.00,
2014-1-25 00:00:00,0,100.00,
2014-1-26 00:00:00,0.076,100.00,
2014-1-27 00:00:00,0,100.00,
2014-1-28 00:00:00,0,100.00,
2014-1-29 00:00:00,0,100.00,
2014-1-30 00:00:00,0,100.00,
2014-1-31 00:00:00,0,100.00,
2014-2-1 00:00:00,0.056,100.00,
2014-2-2 00:00:00,0,100.00,
2014-2-3 00:00:00,0.078,100.00,
2014-2-4 00:00:00,0.142,100.00,
2014-2-5 00:00:00,0,100.00,
2014-2-6 00:00:00,0,100.00,
2014-2-7 00:00:00,0.027,100.00,
2014-2-8 00:00:00,0,100.00,
2014-2-9 00:00:00,0,100.00,
2014-2-10 00:00:00,0,100.00,
2014-2-11 00:00:00,0,100.00,
2014-2-12 00:00:00,0,100.00,
2014-2-13 00:00:00,0,100.00,
2014-2-14 00:00:00,0,100.00,
2014-2-15 00:00:00,0,100.00,
2014-2-16 00:00:00,0.320,100.00,
2014-2-17 00:00:00,0,100.00,
2014-2-18 00:00:00,0,100.00,
2014-2-19 00:00:00,0.025,100.00,
2014-2-20 00:00:00,0,100.00,
2014-2-21 00:00:00,0,100.00,
2014-2-22 00:00:00,5.397,100.00,
2014-2-23 00:00:00,0,100.00,
2014-2-24 00:00:00,0,100.00,
2014-2-25 00:00:00,0.520,100.00,
2014-2-26 00:00:00,6.927,100.00,
2014-2-27 00:00:00,1.993,100.00,
2014-2-28 00:00:00,2.908,100.00,
2014-3-1 00:00:00,0.203,100.00,
2014-3-2 00:00:00,0,100.00,
2014-3-3 00:00:00,0,100.00,
2014-3-4 00:00:00,23.132,100.00,
2014-3-5 00:00:00,0,100.00,
2014-3-6 00:00:00,0,100.00,
2014-3-7 00:00:00,0.043,100.00,
2014-3-8 00:00:00,0,100.00,
2014-3-9 00:00:00,0,100.00,
2014-3-10 00:00:00,0.059,100.00,
2014-3-11 00:00:00,0,100.00,
2014-3-12 00:00:00,0.082,100.00,
2014-3-13 00:00:00,0,100.00,
2014-3-14 00:00:00,0,100.00,
2014-3-15 00:00:00,0,100.00,
2014-3-16 00:00:00,0,100.00,
2014-3-17 00:00:00,0,100.00,
2014-3-18 00:00:00,0.039,100.00,
2014-3-19 00:00:00,1.309,100.00,
2014-3-20 00:00:00,0.021,100.00,
2014-3-21 00:00:00,1.381,100.00,
2014-3-22 00:00:00,0.200,100.00,
2014-3-23 00:00:00,0,100.00,
2014-3-24 00:00:00,0,100.00,
2014-3-25 00:00:00,0.704,100.00,
2014-3-26 00:00:00,0.169,100.00,
2014-3-27 00:00:00,0,100.00,
2014-3-28 00:00:00,0.185,100.00,
2014-3-29 00:00:00,0.020,100.00,
2014-3-30 00:00:00,0,100.00,
2014-3-31 00:00:00,0,100.00,
2014-4-1 00:00:00,0,100.00,
2014-4-2 00:00:00,0,100.00,
2014-4-3 00:00:00,1.705,100.00,
2014-4-4 00:00:00,0,100.00,
2014-4-5 00:00:00,0,100.00,
2014-4-6 00:00:00,1.866,100.00,
2014-4-7 00:00:00,0.299,100.00,
2014-4-8 00:00:00,0,100.00,
2014-4-9 00:00:00,0,100.00,
2014-4-10 00:00:00,0,100.00,
2014-4-11 00:00:00,0.032,100.00,
2014-4-12 00:00:00,0,100.00,
2014-4-13 00:00:00,1.216,100.00,
2014-4-14 00:00:00,2.077,100.00,
2014-4-15 00:00:00,0,100.00,
2014-4-16 00:00:00,0.381,100.00,
2014-4-17 00:00:00,0.713,100.00,
2014-4-18 00:00:00,0.718,100.00,
2014-4-19 00:00:00,0.353,100.00,
2014-4-20 00:00:00,0,100.00,
2014-4-21 00:00:00,0.346,100.00,
2014-4-22 00:00:00,0,100.00,
2014-4-23 00:00:00,0,100.00,
2014-4-24 00:00:00,0.663,100.00,
2014-4-25 00:00:00,0.215,100.00,
2014-4-26 00:00:00,0.188,100.00,
2014-4-27 00:00:00,0.852,100.00,
2014-4-28 00:00:00,0,100.00,
2014-4-29 00:00:00,0.315,100.00,
2014-4-30 00:00:00,2.667,100.00,
2014-5-1 00:00:00,30.482,100.00,
2014-5-2 00:00:00,11.790,100.00,
2014-5-3 00:00:00,2.317,100.00,
2014-5-4 00:00:00,9.580,100.00,
2014-5-5 00:00:00,14.327,100.00,
2014-5-6 00:00:00,0,100.00,
2014-5-7 00:00:00,0,100.00,
2014-5-8 00:00:00,0,100.00,
2014-5-9 00:00:00,0,100.00,
2014-5-10 00:00:00,0,100.00,
2014-5-11 00:00:00,0,100.00,
2014-5-12 00:00:00,0,100.00,
2014-5-13 00:00:00,0,100.00,
2014-5-14 00:00:00,0,100.00,
2014-5-15 00:00:00,0,100.00,
2014-5-16 00:00:00,0,100.00,
2014-5-17 00:00:00,0,100.00,
2014-5-18 00:00:00,0,100.00,
2014-5-19 00:00:00,0,100.00,
2014-5-20 00:00:00,0.448,100.00,
2014-5-21 00:00:00,0,100.00,
2014-5-22 00:00:00,0,100.00,
2014-5-23 00:00:00,0,100.00,
2014-5-24 00:00:00,3.528,100.00,
2014-5-25 00:00:00,19.499,100.00,
2014-5-26 00:00:00,0,100.00,
2014-5-27 00:00:00,0.183,100.00,
2014-5-28 00:00:00,0,100.00,
2014-5-29 00:00:00,11.698,100.00,
2014-5-30 00:00:00,34.006,100.00,
2014-5-31 00:00:00,30.639,100.00,
2014-6-1 00:00:00,1.669,100.00,
2014-6-2 00:00:00,0,100.00,
2014-6-3 00:00:00,1.927,100.00,
2014-6-4 00:00:00,1.628,100.00,
2014-6-5 00:00:00,12.093,100.00,
2014-6-6 00:00:00,3.199,100.00,
2014-6-7 00:00:00,8.334,100.00,
2014-6-8 00:00:00,6.766,100.00,
2014-6-9 00:00:00,15.501,100.00,
2014-6-10 00:00:00,0.707,100.00,
2014-6-11 00:00:00,10.999,100.00,
2014-6-12 00:00:00,6.500,100.00,
2014-6-13 00:00:00,0,100.00,
2014-6-14 00:00:00,0,100.00,
2014-6-15 00:00:00,0,100.00,
2014-6-16 00:00:00,19.029,100.00,
2014-6-17 00:00:00,16.300,100.00,
2014-6-18 00:00:00,3.238,100.00,
2014-6-19 00:00:00,4.157,100.00,
2014-6-20 00:00:00,9.573,100.00,
2014-6-21 00:00:00,21.056,100.00,
2014-6-22 00:00:00,2.207,100.00,
2014-6-23 00:00:00,19.813,100.00,
2014-6-24 00:00:00,12.602,100.00,
2014-6-25 00:00:00,7.358,100.00,
2014-6-26 00:00:00,5.609,100.00,
2014-6-27 00:00:00,4.312,100.00,
2014-6-28 00:00:00,7.344,100.00,
2014-6-29 00:00:00,22.612,100.00,
2014-6-30 00:00:00,17.950,100.00,
2014-7-1 00:00:00,10.125,100.00,
2014-7-2 00:00:00,2.882,100.00,
2014-7-3 00:00:00,37.318,100.00,
2014-7-4 00:00:00,45.713,100.00,
2014-7-5 00:00:00,7.563,100.00,
2014-7-6 00:00:00,1.126,100.00,
2014-7-7 00:00:00,3.790,100.00,
2014-7-8 00:00:00,3.040,100.00,
2014-7-9 00:00:00,16.132,100.00,
2014-7-10 00:00:00,23.682,100.00,
2014-7-11 00:00:00,14.406,100.00,
2014-7-12 00:00:00,40.087,100.00,
2014-7-13 00:00:00,7.300,100.00,
2014-7-14 00:00:00,16.853,100.00,
2014-7-15 00:00:00,32.562,100.00,
2014-7-16 00:00:00,8.432,100.00,
2014-7-17 00:00:00,5.359,100.00,
2014-7-18 00:00:00,17.257,100.00,
2014-7-19 00:00:00,17.638,100.00,
2014-7-20 00:00:00,7.280,100.00,
2014-7-21 00:00:00,7.167,100.00,
2014-7-22 00:00:00,20.426,100.00,
2014-7-23 00:00:00,47.642,100.00,
2014-7-24 00:00:00,8.760,100.00,
2014-7-25 00:00:00,4.167,100.00,
2014-7-26 00:00:00,3.276,100.00,
2014-7-27 00:00:00,12.166,100.00,
2014-7-28 00:00:00,2.454,100.00,
2014-7-29 00:00:00,7.188,100.00,
2014-7-30 00:00:00,14.024,100.00,
2014-7-31 00:00:00,11.216,100.00,
2014-8-1 00:00:00,15.317,100.00,
2014-8-2 00:00:00,11.807,100.00,
2014-8-3 00:00:00,10.926,100.00,
2014-8-4 00:00:00,0.309,100.00,
2014-8-5 00:00:00,3.594,100.00,
2014-8-6 00:00:00,0,100.00,
2014-8-7 00:00:00,8.577,100.00,
2014-8-8 00:00:00,22.787,100.00,
2014-8-9 00:00:00,12.084,100.00,
2014-8-10 00:00:00,1.358,100.00,
2014-8-11 00:00:00,0.935,100.00,
2014-8-12 00:00:00,25.050,100.00,
2014-8-13 00:00:00,64.156,100.00,
2014-8-14 00:00:00,43.582,100.00,
2014-8-15 00:00:00,8.085,100.00,
2014-8-16 00:00:00,0,100.00,
2014-8-17 00:00:00,5.085,100.00,
2014-8-18 00:00:00,16.429,100.00,
2014-8-19 00:00:00,14.653,100.00,
2014-8-20 00:00:00,9.627,100.00,
2014-8-21 00:00:00,10.381,100.00,
2014-8-22 00:00:00,10.897,100.00,
2014-8-23 00:00:00,20.155,100.00,
2014-8-24 00:00:00,23.105,100.00,
2014-8-25 00:00:00,31.753,100.00,
2014-8-26 00:00:00,31.007,100.00,
2014-8-27 00:00:00,14.727,100.00,
2014-8-28 00:00:00,4.963,100.00,
2014-8-29 00:00:00,15.923,100.00,
2014-8-30 00:00:00,12.262,100.00,
2014-8-31 00:00:00,7.672,100.00,
2014-9-1 00:00:00,0.164,100.00,
2014-9-2 00:00:00,9.781,100.00,
2014-9-3 00:00:00,5.103,100.00,
2014-9-4 00:00:00,0,100.00,
2014-9-5 00:00:00,34.087,100.00,
2014-9-6 00:00:00,14.798,100.00,
2014-9-7 00:00:00,4.512,100.00,
2014-9-8 00:00:00,18.432,100.00,
2014-9-9 00:00:00,12.226,100.00,
2014-9-10 00:00:00,6.424,100.00,
2014-9-11 00:00:00,5.742,100.00,
2014-9-12 00:00:00,17.488,100.00,
2014-9-13 00:00:00,6.991,100.00,
2014-9-14 00:00:00,14.699,100.00,
2014-9-15 00:00:00,19.006,100.00,
2014-9-16 00:00:00,4.723,100.00,
2014-9-17 00:00:00,0.865,100.00,
2014-9-18 00:00:00,23.350,100.00,
2014-9-19 00:00:00,75.649,100.00,
2014-9-20 00:00:00,4.692,100.00,
2014-9-21 00:00:00,2.468,100.00,
2014-9-22 00:00:00,0,100.00,
2014-9-23 00:00:00,0.187,100.00,
2014-9-24 00:00:00,0.082,100.00,
2014-9-25 00:00:00,9.702,100.00,
2014-9-26 00:00:00,0,100.00,
2014-9-27 00:00:00,0.166,100.00,
2014-9-28 00:00:00,0,100.00,
2014-9-29 00:00:00,0.458,100.00,
2014-9-30 00:00:00,0,100.00,
2014-10-1 00:00:00,0,100.00,
2014-10-2 00:00:00,0,100.00,
2014-10-3 00:00:00,0,100.00,
2014-10-4 00:00:00,0,100.00,
2014-10-5 00:00:00,0,100.00,
2014-10-6 00:00:00,0,100.00,
2014-10-7 00:00:00,0,100.00,
2014-10-8 00:00:00,0,100.00,
2014-10-9 00:00:00,0,100.00,
2014-10-10 00:00:00,0,100.00,
2014-10-11 00:00:00,0,100.00,
2014-10-12 00:00:00,3.345,100.00,
2014-10-13 00:00:00,23.096,100.00,
2014-10-14 00:00:00,54.473,100.00,
2014-10-15 00:00:00,0,100.00,
2014-10-16 00:00:00,0,100.00,
2014-10-17 00:00:00,0,100.00,
2014-10-18 00:00:00,0,100.00,
2014-10-19 00:00:00,0,100.00,
2014-10-20 00:00:00,0,100.00,
2014-10-21 00:00:00,0,100.00,
2014-10-22 00:00:00,0,100.00,
2014-10-23 00:00:00,0,100.00,
2014-10-24 00:00:00,0,100.00,
2014-10-25 00:00:00,17.212,100.00,
2014-10-26 00:00:00,0,100.00,
2014-10-27 00:00:00,0,100.00,
2014-10-28 00:00:00,0,100.00,
2014-10-29 00:00:00,0,100.00,
2014-10-30 00:00:00,0,100.00,
2014-10-31 00:00:00,0,100.00,
2014-11-1 00:00:00,0.029,100.00,
2014-11-2 00:00:00,0,100.00,
2014-11-3 00:00:00,0,100.00,
2014-11-4 00:00:00,0,100.00,
2014-11-5 00:00:00,0,100.00,
2014-11-6 00:00:00,0.029,100.00,
2014-11-7 00:00:00,0,100.00,
2014-11-8 00:00:00,0,100.00,
2014-11-9 00:00:00,0,100.00,
2014-11-10 00:00:00,0,100.00,
2014-11-11 00:00:00,0,100.00,
2014-11-12 00:00:00,0,100.00,
2014-11-13 00:00:00,0,100.00,
2014-11-14 00:00:00,0,100.00,
2014-11-15 00:00:00,0.222,100.00,
2014-11-16 00:00:00,1.017,100.00,
2014-11-17 00:00:00,0,100.00,
2014-11-18 00:00:00,0,100.00,
2014-11-19 00:00:00,0,100.00,
2014-11-20 00:00:00,0,100.00,
2014-11-21 00:00:00,0.052,100.00,
2014-11-22 00:00:00,0,100.00,
2014-11-23 00:00:00,0,100.00,
2014-11-24 00:00:00,0,100.00,
2014-11-25 00:00:00,0,100.00,
2014-11-26 00:00:00,0,100.00,
2014-11-27 00:00:00,0,100.00,
2014-11-28 00:00:00,0.087,100.00,
2014-11-29 00:00:00,0,100.00,
2014-11-30 00:00:00,0,100.00,
2014-12-1 00:00:00,0.214,100.00,
2014-12-2 00:00:00,0,100.00,
2014-12-3 00:00:00,0,100.00,
2014-12-4 00:00:00,0,100.00,
2014-12-5 00:00:00,0,100.00,
2014-12-6 00:00:00,0,100.00,
2014-12-7 00:00:00,0,100.00,
2014-12-8 00:00:00,0,100.00,
2014-12-9 00:00:00,0.514,100.00,
2014-12-10 00:00:00,0.537,100.00,
2014-12-11 00:00:00,0,100.00,
2014-12-12 00:00:00,0,100.00,
2014-12-13 00:00:00,10.975,100.00,
2014-12-14 00:00:00,3.471,100.00,
2014-12-15 00:00:00,0,100.00,
2014-12-16 00:00:00,0.959,100.00,
2014-12-17 00:00:00,0,100.00,
2014-12-18 00:00:00,0,100.00,
2014-12-19 00:00:00,0,100.00,
2014-12-20 00:00:00,0,100.00,
2014-12-21 00:00:00,0,100.00,
2014-12-22 00:00:00,0,100.00,
2014-12-23 00:00:00,0,100.00,
2014-12-24 00:00:00,0,100.00,
2014-12-25 00:00:00,0.062,100.00,
2014-12-26 00:00:00,0.414,100.00,
2014-12-27 00:00:00,0,100.00,
2014-12-28 00:00:00,0,100.00,
2014-12-29 00:00:00,0,100.00,
2014-12-30 00:00:00,0,100.00,
2014-12-31 00:00:00,0,100.00,
2015-1-1 00:00:00,0.117,100.00,
2015-1-2 00:00:00,0.439,100.00,
2015-1-3 00:00:00,2.384,100.00,
2015-1-4 00:00:00,0,100.00,
2015-1-5 00:00:00,0,100.00,
2015-1-6 00:00:00,0,100.00,
2015-1-7 00:00:00,1.125,100.00,
2015-1-8 00:00:00,2.877,100.00,
2015-1-9 00:00:00,0,100.00,
2015-1-10 00:00:00,0,100.00,
2015-1-11 00:00:00,0.454,100.00,
2015-1-12 00:00:00,0.127,100.00,
2015-1-13 00:00:00,1.561,100.00,
2015-1-14 00:00:00,0,100.00,
2015-1-15 00:00:00,0.248,100.00,
2015-1-16 00:00:00,0.367,100.00,
2015-1-17 00:00:00,0,100.00,
2015-1-18 00:00:00,0.577,100.00,
2015-1-19 00:00:00,0,100.00,
2015-1-20 00:00:00,0.180,100.00,
2015-1-21 00:00:00,0.829,100.00,
2015-1-22 00:00:00,1.824,100.00,
2015-1-23 00:00:00,0.958,100.00,
2015-1-24 00:00:00,0,100.00,
2015-1-25 00:00:00,0,100.00,
2015-1-26 00:00:00,0.238,100.00,
2015-1-27 00:00:00,1.271,100.00,
2015-1-28 00:00:00,0,100.00,
2015-1-29 00:00:00,0.089,100.00,
2015-1-30 00:00:00,0,100.00,
2015-1-31 00:00:00,0,100.00,
2015-2-1 00:00:00,0,100.00,
2015-2-2 00:00:00,0,100.00,
2015-2-3 00:00:00,0,100.00,
2015-2-4 00:00:00,0,100.00,
2015-2-5 00:00:00,0,100.00,
2015-2-6 00:00:00,0,100.00,
2015-2-7 00:00:00,0,100.00,
2015-2-8 00:00:00,0.029,100.00,
2015-2-9 00:00:00,0,100.00,
2015-2-10 00:00:00,0,100.00,
2015-2-11 00:00:00,0.821,100.00,
2015-2-12 00:00:00,1.618,100.00,
2015-2-13 00:00:00,0,100.00,
2015-2-14 00:00:00,0.193,100.00,
2015-2-15 00:00:00,0,100.00,
2015-2-16 00:00:00,0.079,100.00,
2015-2-17 00:00:00,0,100.00,
2015-2-18 00:00:00,4.253,100.00,
2015-2-19 00:00:00,0.019,100.00,
2015-2-20 00:00:00,0,100.00,
2015-2-21 00:00:00,0,100.00,
2015-2-22 00:00:00,0,100.00,
2015-2-23 00:00:00,0.081,100.00,
2015-2-24 00:00:00,0,100.00,
2015-2-25 00:00:00,5.194,100.00,
2015-2-26 00:00:00,5.941,100.00,
2015-2-27 00:00:00,0,100.00,
2015-2-28 00:00:00,3.502,100.00,
2015-3-1 00:00:00,16.530,100.00,
2015-3-2 00:00:00,5.890,100.00,
2015-3-3 00:00:00,0,100.00,
2015-3-4 00:00:00,0,100.00,
2015-3-5 00:00:00,0,100.00,
2015-3-6 00:00:00,0,100.00,
2015-3-7 00:00:00,0,100.00,
2015-3-8 00:00:00,0,100.00,
2015-3-9 00:00:00,0,100.00,
2015-3-10 00:00:00,0,100.00,
2015-3-11 00:00:00,0,100.00,
2015-3-12 00:00:00,0,100.00,
2015-3-13 00:00:00,0.101,100.00,
2015-3-14 00:00:00,1.416,100.00,
2015-3-15 00:00:00,2.130,100.00,
2015-3-16 00:00:00,0.476,100.00,
2015-3-17 00:00:00,0,100.00,
2015-3-18 00:00:00,1.275,100.00,
2015-3-19 00:00:00,0,100.00,
2015-3-20 00:00:00,0,100.00,
2015-3-21 00:00:00,0,100.00,
2015-3-22 00:00:00,1.006,100.00,
2015-3-23 00:00:00,2.432,100.00,
2015-3-24 00:00:00,0.140,100.00,
2015-3-25 00:00:00,0.424,100.00,
2015-3-26 00:00:00,3.819,100.00,
2015-3-27 00:00:00,18.884,100.00,
2015-3-28 00:00:00,0,100.00,
2015-3-29 00:00:00,3.155,100.00,
2015-3-30 00:00:00,16.175,100.00,
2015-3-31 00:00:00,0,100.00,
2015-4-1 00:00:00,1.136,100.00,
2015-4-2 00:00:00,0.123,100.00,
2015-4-3 00:00:00,1.031,100.00,
2015-4-4 00:00:00,3.708,100.00,
2015-4-5 00:00:00,0.289,100.00,
2015-4-6 00:00:00,0,100.00,
2015-4-7 00:00:00,0,100.00,
2015-4-8 00:00:00,0,100.00,
2015-4-9 00:00:00,0,100.00,
2015-4-10 00:00:00,0,100.00,
2015-4-11 00:00:00,0.221,100.00,
2015-4-12 00:00:00,7.544,100.00,
2015-4-13 00:00:00,9.823,100.00,
2015-4-14 00:00:00,8.724,100.00,
2015-4-15 00:00:00,1.068,100.00,
2015-4-16 00:00:00,0,100.00,
2015-4-17 00:00:00,0,100.00,
2015-4-18 00:00:00,0,100.00,
2015-4-19 00:00:00,0,100.00,
2015-4-20 00:00:00,0,100.00,
2015-4-21 00:00:00,0.175,100.00,
2015-4-22 00:00:00,0,100.00,
2015-4-23 00:00:00,0.412,100.00,
2015-4-24 00:00:00,13.723,100.00,
2015-4-25 00:00:00,0,100.00,
2015-4-26 00:00:00,0,100.00,
2015-4-27 00:00:00,0,100.00,
2015-4-28 00:00:00,8.972,100.00,
2015-4-29 00:00:00,0,100.00,
2015-4-30 00:00:00,0,100.00,
2015-5-1 00:00:00,0.159,100.00,
2015-5-2 00:00:00,2.438,100.00,
2015-5-3 00:00:00,0,100.00,
2015-5-4 00:00:00,0,100.00,
2015-5-5 00:00:00,0,100.00,
2015-5-6 00:00:00,0.833,100.00,
2015-5-7 00:00:00,10.327,100.00,
2015-5-8 00:00:00,8.148,100.00,
2015-5-9 00:00:00,5.066,100.00,
2015-5-10 00:00:00,14.167,100.00,
2015-5-11 00:00:00,31.765,100.00,
2015-5-12 00:00:00,9.843,100.00,
2015-5-13 00:00:00,0,100.00,
2015-5-14 00:00:00,0,100.00,
2015-5-15 00:00:00,0,100.00,
2015-5-16 00:00:00,0,100.00,
2015-5-17 00:00:00,0,100.00,
2015-5-18 00:00:00,1.372,100.00,
2015-5-19 00:00:00,18.377,100.00,
2015-5-20 00:00:00,2.349,100.00,
2015-5-21 00:00:00,0.723,100.00,
2015-5-22 00:00:00,0,100.00,
2015-5-23 00:00:00,1.056,100.00,
2015-5-24 00:00:00,0,100.00,
2015-5-25 00:00:00,2.909,100.00,
2015-5-26 00:00:00,3.175,100.00,
2015-5-27 00:00:00,0,100.00,
2015-5-28 00:00:00,0,100.00,
2015-5-29 00:00:00,2.694,100.00,
2015-5-30 00:00:00,3.610,100.00,
2015-5-31 00:00:00,1.213,100.00,
2015-6-1 00:00:00,0,100.00,
2015-6-2 00:00:00,0,100.00,
2015-6-3 00:00:00,2.610,100.00,
2015-6-4 00:00:00,5.848,100.00,
2015-6-5 00:00:00,0,100.00,
2015-6-6 00:00:00,0,100.00,
2015-6-7 00:00:00,0,100.00,
2015-6-8 00:00:00,0.255,100.00,
2015-6-9 00:00:00,1.720,100.00,
2015-6-10 00:00:00,25.433,100.00,
2015-6-11 00:00:00,7.340,100.00,
2015-6-12 00:00:00,27.655,100.00,
2015-6-13 00:00:00,10.566,100.00,
2015-6-14 00:00:00,0.326,100.00,
2015-6-15 00:00:00,0,100.00,
2015-6-16 00:00:00,0,100.00,
2015-6-17 00:00:00,0,100.00,
2015-6-18 00:00:00,5.944,100.00,
2015-6-19 00:00:00,20.179,100.00,
2015-6-20 00:00:00,1.561,100.00,
2015-6-21 00:00:00,11.925,100.00,
2015-6-22 00:00:00,4.532,100.00,
2015-6-23 00:00:00,6.865,100.00,
2015-6-24 00:00:00,14.586,100.00,
2015-6-25 00:00:00,23.628,100.00,
2015-6-26 00:00:00,19.821,100.00,
2015-6-27 00:00:00,1.928,100.00,
2015-6-28 00:00:00,2.060,100.00,
2015-6-29 00:00:00,0,100.00,
2015-6-30 00:00:00,28.765,100.00,
2015-7-1 00:00:00,9.304,100.00,
2015-7-2 00:00:00,2.074,100.00,
2015-7-3 00:00:00,10.194,100.00,
2015-7-4 00:00:00,27.461,100.00,
2015-7-5 00:00:00,42.537,100.00,
2015-7-6 00:00:00,12.704,100.00,
2015-7-7 00:00:00,9.744,100.00,
2015-7-8 00:00:00,21.052,100.00,
2015-7-9 00:00:00,24.268,100.00,
2015-7-10 00:00:00,3.757,100.00,
2015-7-11 00:00:00,0.723,100.00,
2015-7-12 00:00:00,0,100.00,
2015-7-13 00:00:00,0.540,100.00,
2015-7-14 00:00:00,19.964,100.00,
2015-7-15 00:00:00,37.520,100.00,
2015-7-16 00:00:00,12.505,100.00,
2015-7-17 00:00:00,19.445,100.00,
2015-7-18 00:00:00,18.689,100.00,
2015-7-19 00:00:00,8.355,100.00,
2015-7-20 00:00:00,7.333,100.00,
2015-7-21 00:00:00,4.424,100.00,
2015-7-22 00:00:00,0,100.00,
2015-7-23 00:00:00,15.739,100.00,
2015-7-24 00:00:00,9.115,100.00,
2015-7-25 00:00:00,3.206,100.00,
2015-7-26 00:00:00,0,100.00,
2015-7-27 00:00:00,12.224,100.00,
2015-7-28 00:00:00,4.030,100.00,
2015-7-29 00:00:00,34.570,100.00,
2015-7-30 00:00:00,35.492,100.00,
2015-7-31 00:00:00,6.908,100.00,
2015-8-1 00:00:00,4.864,100.00,
2015-8-2 00:00:00,2.381,100.00,
2015-8-3 00:00:00,2.400,100.00,
2015-8-4 00:00:00,12.777,100.00,
2015-8-5 00:00:00,3.046,100.00,
2015-8-6 00:00:00,15.383,100.00,
2015-8-7 00:00:00,9.587,100.00,
2015-8-8 00:00:00,0,100.00,
2015-8-9 00:00:00,2.707,100.00,
2015-8-10 00:00:00,36.640,100.00,
2015-8-11 00:00:00,6.404,100.00,
2015-8-12 00:00:00,1.219,100.00,
2015-8-13 00:00:00,9.697,100.00,
2015-8-14 00:00:00,4.696,100.00,
2015-8-15 00:00:00,1.516,100.00,
2015-8-16 00:00:00,23.511,100.00,
2015-8-17 00:00:00,17.194,100.00,
2015-8-18 00:00:00,1.667,100.00,
2015-8-19 00:00:00,33.280,100.00,
2015-8-20 00:00:00,65.080,100.00,
2015-8-21 00:00:00,7.250,100.00,
2015-8-22 00:00:00,4.505,100.00,
2015-8-23 00:00:00,0.473,100.00,
2015-8-24 00:00:00,22.268,100.00,
2015-8-25 00:00:00,37.300,100.00,
2015-8-26 00:00:00,42.938,100.00,
2015-8-27 00:00:00,17.615,100.00,
2015-8-28 00:00:00,2.609,100.00,
2015-8-29 00:00:00,5.843,100.00,
2015-8-30 00:00:00,20.327,100.00,
2015-8-31 00:00:00,4.332,100.00,
2015-9-1 00:00:00,2.017,100.00,
2015-9-2 00:00:00,0.215,100.00,
2015-9-3 00:00:00,0,100.00,
2015-9-4 00:00:00,5.057,100.00,
2015-9-5 00:00:00,0,100.00,
2015-9-6 00:00:00,1.853,100.00,
2015-9-7 00:00:00,0,100.00,
2015-9-8 00:00:00,0,100.00,
2015-9-9 00:00:00,0.352,100.00,
2015-9-10 00:00:00,18.692,100.00,
2015-9-11 00:00:00,39.143,100.00,
2015-9-12 00:00:00,8.281,100.00,
2015-9-13 00:00:00,4.040,100.00,
2015-9-14 00:00:00,21.749,100.00,
2015-9-15 00:00:00,7.812,100.00,
2015-9-16 00:00:00,0,100.00,
2015-9-17 00:00:00,0.442,100.00,
2015-9-18 00:00:00,0,100.00,
2015-9-19 00:00:00,4.219,100.00,
2015-9-20 00:00:00,2.618,100.00,
2015-9-21 00:00:00,3.162,100.00,
2015-9-22 00:00:00,2.562,100.00,
2015-9-23 00:00:00,23.096,100.00,
2015-9-24 00:00:00,0,100.00,
2015-9-25 00:00:00,0,100.00,
2015-9-26 00:00:00,0,100.00,
2015-9-27 00:00:00,0,100.00,
2015-9-28 00:00:00,0,100.00,
2015-9-29 00:00:00,0,100.00,
2015-9-30 00:00:00,0,100.00,
2015-10-1 00:00:00,0.146,100.00,
2015-10-2 00:00:00,0,100.00,
2015-10-3 00:00:00,0,100.00,
2015-10-4 00:00:00,0,100.00,
2015-10-5 00:00:00,0,100.00,
2015-10-6 00:00:00,0,100.00,
2015-10-7 00:00:00,0,100.00,
2015-10-8 00:00:00,0,100.00,
2015-10-9 00:00:00,0,100.00,
2015-10-10 00:00:00,0.152,100.00,
2015-10-11 00:00:00,1.259,100.00,
2015-10-12 00:00:00,15.221,100.00,
2015-10-13 00:00:00,4.746,100.00,
2015-10-14 00:00:00,14.693,100.00,
2015-10-15 00:00:00,0,100.00,
2015-10-16 00:00:00,0.087,100.00,
2015-10-17 00:00:00,0,100.00,
2015-10-18 00:00:00,0,100.00,
2015-10-19 00:00:00,0,100.00,
2015-10-20 00:00:00,0,100.00,
2015-10-21 00:00:00,0.534,100.00,
2015-10-22 00:00:00,0,100.00,
2015-10-23 00:00:00,0,100.00,
2015-10-24 00:00:00,0,100.00,
2015-10-25 00:00:00,0,100.00,
2015-10-26 00:00:00,0,100.00,
2015-10-27 00:00:00,0,100.00,
2015-10-28 00:00:00,9.425,100.00,
2015-10-29 00:00:00,30.758,100.00,
2015-10-30 00:00:00,1.117,100.00,
2015-10-31 00:00:00,0,100.00,
2015-11-1 00:00:00,0.119,100.00,
2015-11-2 00:00:00,0,100.00,
2015-11-3 00:00:00,0,100.00,
2015-11-4 00:00:00,0,100.00,
2015-11-5 00:00:00,0.176,100.00,
2015-11-6 00:00:00,0.121,100.00,
2015-11-7 00:00:00,0,100.00,
2015-11-8 00:00:00,0,100.00,
2015-11-9 00:00:00,0,100.00,
2015-11-10 00:00:00,0,100.00,
2015-11-11 00:00:00,0,100.00,
2015-11-12 00:00:00,0,100.00,
2015-11-13 00:00:00,0,100.00,
2015-11-14 00:00:00,0,100.00,
2015-11-15 00:00:00,0,100.00,
2015-11-16 00:00:00,0.027,100.00,
2015-11-17 00:00:00,0,100.00,
2015-11-18 00:00:00,0,100.00,
2015-11-19 00:00:00,0,100.00,
2015-11-20 00:00:00,0,100.00,
2015-11-21 00:00:00,0,100.00,
2015-11-22 00:00:00,0,100.00,
2015-11-23 00:00:00,0,100.00,
2015-11-24 00:00:00,0,100.00,
2015-11-25 00:00:00,0,100.00,
2015-11-26 00:00:00,0.019,100.00,
2015-11-27 00:00:00,0.116,100.00,
2015-11-28 00:00:00,0.200,100.00,
2015-11-29 00:00:00,0,100.00,
2015-11-30 00:00:00,0.033,100.00,
2015-12-1 00:00:00,0,100.00,
2015-12-2 00:00:00,0.535,100.00,
2015-12-3 00:00:00,0.266,100.00,
2015-12-4 00:00:00,0,100.00,
2015-12-5 00:00:00,0.108,100.00,
2015-12-6 00:00:00,0,100.00,
2015-12-7 00:00:00,0.581,100.00,
2015-12-8 00:00:00,0,100.00,
2015-12-9 00:00:00,0.174,100.00,
2015-12-10 00:00:00,0,100.00,
2015-12-11 00:00:00,0.696,100.00,
2015-12-12 00:00:00,0,100.00,
2015-12-13 00:00:00,0,100.00,
2015-12-14 00:00:00,0,100.00,
2015-12-15 00:00:00,0,100.00,
2015-12-16 00:00:00,0,100.00,
2015-12-17 00:00:00,0.108,100.00,
2015-12-18 00:00:00,0,100.00,
2015-12-19 00:00:00,0,100.00,
2015-12-20 00:00:00,0.287,100.00,
2015-12-21 00:00:00,0,100.00,
2015-12-22 00:00:00,0,100.00,
2015-12-23 00:00:00,0,100.00,
2015-12-24 00:00:00,0,100.00,
2015-12-25 00:00:00,0.623,100.00,
2015-12-26 00:00:00,0,100.00,
2015-12-27 00:00:00,0,100.00,
2015-12-28 00:00:00,0,100.00,
2015-12-29 00:00:00,0,100.00,
2015-12-30 00:00:00,0,100.00,
2015-12-31 00:00:00,1.456,100.00,
2016-1-1 00:00:00,0.054,100.00,
2016-1-2 00:00:00,0.646,100.00,
2016-1-3 00:00:00,0.914,100.00,
2016-1-4 00:00:00,0,100.00,
2016-1-5 00:00:00,0.500,100.00,
2016-1-6 00:00:00,0.647,100.00,
2016-1-7 00:00:00,0.322,100.00,
2016-1-8 00:00:00,1.894,100.00,
2016-1-9 00:00:00,0.323,100.00,
2016-1-10 00:00:00,0,100.00,
2016-1-11 00:00:00,0,100.00,
2016-1-12 00:00:00,0,100.00,
2016-1-13 00:00:00,0,100.00,
2016-1-14 00:00:00,0,100.00,
2016-1-15 00:00:00,0.146,100.00,
2016-1-16 00:00:00,0,100.00,
2016-1-17 00:00:00,0,100.00,
2016-1-18 00:00:00,0,100.00,
2016-1-19 00:00:00,0.655,100.00,
2016-1-20 00:00:00,0,100.00,
2016-1-21 00:00:00,0.051,100.00,
2016-1-22 00:00:00,0,100.00,
2016-1-23 00:00:00,0,100.00,
2016-1-24 00:00:00,0,100.00,
2016-1-25 00:00:00,0,100.00,
2016-1-26 00:00:00,0.838,100.00,
2016-1-27 00:00:00,0,100.00,
2016-1-28 00:00:00,0.252,100.00,
2016-1-29 00:00:00,0.235,100.00,
2016-1-30 00:00:00,0.502,100.00,
2016-1-31 00:00:00,0.046,100.00,
2016-2-1 00:00:00,0.017,100.00,
2016-2-2 00:00:00,0,100.00,
2016-2-3 00:00:00,0,100.00,
2016-2-4 00:00:00,0.031,100.00,
2016-2-5 00:00:00,0,100.00,
2016-2-6 00:00:00,0,100.00,
2016-2-7 00:00:00,0.034,100.00,
2016-2-8 00:00:00,0.241,100.00,
2016-2-9 00:00:00,0,100.00,
2016-2-10 00:00:00,0,100.00,
2016-2-11 00:00:00,0,100.00,
2016-2-12 00:00:00,0,100.00,
2016-2-13 00:00:00,0.015,100.00,
2016-2-14 00:00:00,0,100.00,
2016-2-15 00:00:00,0.029,100.00,
2016-2-16 00:00:00,0,100.00,
2016-2-17 00:00:00,0,100.00,
2016-2-18 00:00:00,0,100.00,
2016-2-19 00:00:00,1.590,100.00,
2016-2-20 00:00:00,9.422,100.00,
2016-2-21 00:00:00,0,100.00,
2016-2-22 00:00:00,0.465,100.00,
2016-2-23 00:00:00,0,100.00,
2016-2-24 00:00:00,0.082,100.00,
2016-2-25 00:00:00,0.252,100.00,
2016-2-26 00:00:00,0,100.00,
2016-2-27 00:00:00,0.041,100.00,
2016-2-28 00:00:00,0,100.00,
2016-2-29 00:00:00,0.024,100.00,
2016-3-1 00:00:00,0,100.00,
2016-3-2 00:00:00,0,100.00,
2016-3-3 00:00:00,0,100.00,
2016-3-4 00:00:00,1.390,100.00,
2016-3-5 00:00:00,1.497,100.00,
2016-3-6 00:00:00,2.612,100.00,
2016-3-7 00:00:00,0.024,100.00,
2016-3-8 00:00:00,0.502,100.00,
2016-3-9 00:00:00,0,100.00,
2016-3-10 00:00:00,0,100.00,
2016-3-11 00:00:00,0,100.00,
2016-3-12 00:00:00,0.333,100.00,
2016-3-13 00:00:00,1.297,100.00,
2016-3-14 00:00:00,3.484,100.00,
2016-3-15 00:00:00,0,100.00,
2016-3-16 00:00:00,0,100.00,
2016-3-17 00:00:00,0,100.00,
2016-3-18 00:00:00,0,100.00,
2016-3-19 00:00:00,0,100.00,
2016-3-20 00:00:00,0,100.00,
2016-3-21 00:00:00,0,100.00,
2016-3-22 00:00:00,0,100.00,
2016-3-23 00:00:00,0,100.00,
2016-3-24 00:00:00,0,100.00,
2016-3-25 00:00:00,0,100.00,
2016-3-26 00:00:00,0,100.00,
2016-3-27 00:00:00,2.822,100.00,
2016-3-28 00:00:00,3.882,100.00,
2016-3-29 00:00:00,0.090,100.00,
2016-3-30 00:00:00,1.513,100.00,
2016-3-31 00:00:00,2.958,100.00,
2016-4-1 00:00:00,0.240,100.00,
2016-4-2 00:00:00,0,100.00,
2016-4-3 00:00:00,0.213,100.00,
2016-4-4 00:00:00,2.142,100.00,
2016-4-5 00:00:00,3.416,100.00,
2016-4-6 00:00:00,0,100.00,
2016-4-7 00:00:00,0.724,100.00,
2016-4-8 00:00:00,0,100.00,
2016-4-9 00:00:00,0,100.00,
2016-4-10 00:00:00,0,100.00,
2016-4-11 00:00:00,0,100.00,
2016-4-12 00:00:00,0,100.00,
2016-4-13 00:00:00,0.281,100.00,
2016-4-14 00:00:00,0.012,100.00,
2016-4-15 00:00:00,0,100.00,
2016-4-16 00:00:00,1.772,100.00,
2016-4-17 00:00:00,1.551,100.00,
2016-4-18 00:00:00,5.770,100.00,
2016-4-19 00:00:00,0,100.00,
2016-4-20 00:00:00,1.324,100.00,
2016-4-21 00:00:00,0.028,100.00,
2016-4-22 00:00:00,0,100.00,
2016-4-23 00:00:00,0.009,100.00,
2016-4-24 00:00:00,0,100.00,
2016-4-25 00:00:00,0.272,100.00,
2016-4-26 00:00:00,0,100.00,
2016-4-27 00:00:00,0,100.00,
2016-4-28 00:00:00,0.050,100.00,
2016-4-29 00:00:00,0,100.00,
2016-4-30 00:00:00,0,100.00,
2016-5-1 00:00:00,0.080,100.00,
2016-5-2 00:00:00,5.181,100.00,
2016-5-3 00:00:00,11.352,100.00,
2016-5-4 00:00:00,21.788,100.00,
2016-5-5 00:00:00,5.001,100.00,
2016-5-6 00:00:00,6.562,100.00,
2016-5-7 00:00:00,10.765,100.00,
2016-5-8 00:00:00,12.965,100.00,
2016-5-9 00:00:00,3.454,100.00,
2016-5-10 00:00:00,68.995,100.00,
2016-5-11 00:00:00,0.269,100.00,
2016-5-12 00:00:00,4.858,100.00,
2016-5-13 00:00:00,0,100.00,
2016-5-14 00:00:00,0,100.00,
2016-5-15 00:00:00,11.706,100.00,
2016-5-16 00:00:00,5.678,100.00,
2016-5-17 00:00:00,9.516,100.00,
2016-5-18 00:00:00,0,100.00,
2016-5-19 00:00:00,0.856,100.00,
2016-5-20 00:00:00,4.566,100.00,
2016-5-21 00:00:00,3.687,100.00,
2016-5-22 00:00:00,0,100.00,
2016-5-23 00:00:00,2.603,100.00,
2016-5-24 00:00:00,0,100.00,
2016-5-25 00:00:00,0,100.00,
2016-5-26 00:00:00,0,100.00,
2016-5-27 00:00:00,1.565,100.00,
2016-5-28 00:00:00,1.820,100.00,
2016-5-29 00:00:00,0,100.00,
2016-5-30 00:00:00,0,100.00,
2016-5-31 00:00:00,0,100.00,
2016-6-1 00:00:00,0,100.00,
2016-6-2 00:00:00,0,100.00,
2016-6-3 00:00:00,10.174,100.00,
2016-6-4 00:00:00,7.068,100.00,
2016-6-5 00:00:00,3.777,100.00,
2016-6-6 00:00:00,1.789,100.00,
2016-6-7 00:00:00,24.595,100.00,
2016-6-8 00:00:00,17.128,100.00,
2016-6-9 00:00:00,0,100.00,
2016-6-10 00:00:00,0.221,100.00,
2016-6-11 00:00:00,9.727,100.00,
2016-6-12 00:00:00,14.340,100.00,
2016-6-13 00:00:00,15.193,100.00,
2016-6-14 00:00:00,10.761,100.00,
2016-6-15 00:00:00,23.901,100.00,
2016-6-16 00:00:00,1.827,100.00,
2016-6-17 00:00:00,13.243,100.00,
2016-6-18 00:00:00,8.726,100.00,
2016-6-19 00:00:00,14.166,100.00,
2016-6-20 00:00:00,9.217,100.00,
2016-6-21 00:00:00,24.230,100.00,
2016-6-22 00:00:00,0,100.00,
2016-6-23 00:00:00,4.086,100.00,
2016-6-24 00:00:00,20.152,100.00,
2016-6-25 00:00:00,5.107,100.00,
2016-6-26 00:00:00,17.256,100.00,
2016-6-27 00:00:00,16.871,100.00,
2016-6-28 00:00:00,9.379,100.00,
2016-6-29 00:00:00,14.600,100.00,
2016-6-30 00:00:00,23.910,100.00,
2016-7-1 00:00:00,35.380,100.00,
2016-7-2 00:00:00,36.109,100.00,
2016-7-3 00:00:00,21.562,100.00,
2016-7-4 00:00:00,9.823,100.00,
2016-7-5 00:00:00,2.120,100.00,
2016-7-6 00:00:00,0,100.00,
2016-7-7 00:00:00,5.411,100.00,
2016-7-8 00:00:00,0,100.00,
2016-7-9 00:00:00,2.828,100.00,
2016-7-10 00:00:00,23.809,100.00,
2016-7-11 00:00:00,6.722,100.00,
2016-7-12 00:00:00,8.125,100.00,
2016-7-13 00:00:00,11.119,100.00,
2016-7-14 00:00:00,9.055,100.00,
2016-7-15 00:00:00,3.372,100.00,
2016-7-16 00:00:00,2.241,100.00,
2016-7-17 00:00:00,12.488,100.00,
2016-7-18 00:00:00,2.682,100.00,
2016-7-19 00:00:00,51.979,100.00,
2016-7-20 00:00:00,37.377,100.00,
2016-7-21 00:00:00,21.429,100.00,
2016-7-22 00:00:00,5.968,100.00,
2016-7-23 00:00:00,0.509,100.00,
2016-7-24 00:00:00,10.102,100.00,
2016-7-25 00:00:00,38.420,100.00,
2016-7-26 00:00:00,25.745,100.00,
2016-7-27 00:00:00,10.568,100.00,
2016-7-28 00:00:00,8.601,100.00,
2016-7-29 00:00:00,11.727,100.00,
2016-7-30 00:00:00,25.421,100.00,
2016-7-31 00:00:00,25.206,100.00,
2016-8-1 00:00:00,4.331,100.00,
2016-8-2 00:00:00,1.582,100.00,
2016-8-3 00:00:00,4.517,100.00,
2016-8-4 00:00:00,13.687,100.00,
2016-8-5 00:00:00,21.686,100.00,
2016-8-6 00:00:00,10.636,100.00,
2016-8-7 00:00:00,7.367,100.00,
2016-8-8 00:00:00,20.381,100.00,
2016-8-9 00:00:00,3.559,100.00,
2016-8-10 00:00:00,5.046,100.00,
2016-8-11 00:00:00,0,100.00,
2016-8-12 00:00:00,8.892,100.00,
2016-8-13 00:00:00,12.002,100.00,
2016-8-14 00:00:00,5.674,100.00,
2016-8-15 00:00:00,20.690,100.00,
2016-8-16 00:00:00,28.306,100.00,
2016-8-17 00:00:00,0.576,100.00,
2016-8-18 00:00:00,3.544,100.00,
2016-8-19 00:00:00,6.057,100.00,
2016-8-20 00:00:00,0,100.00,
2016-8-21 00:00:00,30.769,100.00,
2016-8-22 00:00:00,0,100.00,
2016-8-23 00:00:00,0.188,100.00,
2016-8-24 00:00:00,3.869,100.00,
2016-8-25 00:00:00,1.258,100.00,
2016-8-26 00:00:00,3.467,100.00,
2016-8-27 00:00:00,0,100.00,
2016-8-28 00:00:00,6.415,100.00,
2016-8-29 00:00:00,11.032,100.00,
2016-8-30 00:00:00,13.728,100.00,
2016-8-31 00:00:00,22.448,100.00,
2016-9-1 00:00:00,27.593,100.00,
2016-9-2 00:00:00,17.011,100.00,
2016-9-3 00:00:00,47.559,100.00,
2016-9-4 00:00:00,1.800,100.00,
2016-9-5 00:00:00,6.841,100.00,
2016-9-6 00:00:00,7.922,100.00,
2016-9-7 00:00:00,26.119,100.00,
2016-9-8 00:00:00,5.801,100.00,
2016-9-9 00:00:00,14.238,100.00,
2016-9-10 00:00:00,15.600,100.00,
2016-9-11 00:00:00,23.097,100.00,
2016-9-12 00:00:00,36.767,100.00,
2016-9-13 00:00:00,0,100.00,
2016-9-14 00:00:00,0.387,100.00,
2016-9-15 00:00:00,7.158,100.00,
2016-9-16 00:00:00,24.135,100.00,
2016-9-17 00:00:00,5.045,100.00,
2016-9-18 00:00:00,3.165,100.00,
2016-9-19 00:00:00,1.084,100.00,
2016-9-20 00:00:00,31.420,100.00,
2016-9-21 00:00:00,8.049,100.00,
2016-9-22 00:00:00,0,100.00,
2016-9-23 00:00:00,0.656,100.00,
2016-9-24 00:00:00,27.096,100.00,
2016-9-25 00:00:00,0,100.00,
2016-9-26 00:00:00,0,100.00,
2016-9-27 00:00:00,2.247,100.00,
2016-9-28 00:00:00,17.054,100.00,
2016-9-29 00:00:00,0.762,100.00,
2016-9-30 00:00:00,1.542,100.00,
2016-10-1 00:00:00,2.348,100.00,
2016-10-2 00:00:00,5.325,100.00,
2016-10-3 00:00:00,31.244,100.00,
2016-10-4 00:00:00,8.582,100.00,
2016-10-5 00:00:00,7.490,100.00,
2016-10-6 00:00:00,4.836,100.00,
2016-10-7 00:00:00,0.576,100.00,
2016-10-8 00:00:00,25.964,100.00,
2016-10-9 00:00:00,0.763,100.00,
2016-10-10 00:00:00,0,100.00,
2016-10-11 00:00:00,0,100.00,
2016-10-12 00:00:00,0,100.00,
2016-10-13 00:00:00,0.381,100.00,
2016-10-14 00:00:00,0,100.00,
2016-10-15 00:00:00,0,100.00,
2016-10-16 00:00:00,0,100.00,
2016-10-17 00:00:00,0,100.00,
2016-10-18 00:00:00,0.093,100.00,
2016-10-19 00:00:00,0,100.00,
2016-10-20 00:00:00,0,100.00,
2016-10-21 00:00:00,0,100.00,
2016-10-22 00:00:00,0,100.00,
2016-10-23 00:00:00,0.353,100.00,
2016-10-24 00:00:00,0,100.00,
2016-10-25 00:00:00,0,100.00,
2016-10-26 00:00:00,0,100.00,
2016-10-27 00:00:00,0,100.00,
2016-10-28 00:00:00,1.092,100.00,
2016-10-29 00:00:00,0,100.00,
2016-10-30 00:00:00,0,100.00,
2016-10-31 00:00:00,0,100.00,
2016-11-1 00:00:00,0,100.00,
2016-11-2 00:00:00,0.079,100.00,
2016-11-3 00:00:00,0,100.00,
2016-11-4 00:00:00,0.084,100.00,
2016-11-5 00:00:00,0,100.00,
2016-11-6 00:00:00,0,100.00,
2016-11-7 00:00:00,0,100.00,
2016-11-8 00:00:00,0,100.00,
2016-11-9 00:00:00,0.081,100.00,
2016-11-10 00:00:00,0.095,100.00,
2016-11-11 00:00:00,0,100.00,
2016-11-12 00:00:00,0,100.00,
2016-11-13 00:00:00,0,100.00,
2016-11-14 00:00:00,0,100.00,
2016-11-15 00:00:00,0,100.00,
2016-11-16 00:00:00,0,100.00,
2016-11-17 00:00:00,0,100.00,
2016-11-18 00:00:00,0.029,100.00,
2016-11-19 00:00:00,0,100.00,
2016-11-20 00:00:00,0,100.00,
2016-11-21 00:00:00,0,100.00,
2016-11-22 00:00:00,0,100.00,
2016-11-23 00:00:00,0,100.00,
2016-11-24 00:00:00,0,100.00,
2016-11-25 00:00:00,0.083,100.00,
2016-11-26 00:00:00,0,100.00,
2016-11-27 00:00:00,0,100.00,
2016-11-28 00:00:00,0.072,100.00,
2016-11-29 00:00:00,0,100.00,
2016-11-30 00:00:00,0,100.00,
2016-12-1 00:00:00,0.680,100.00,
2016-12-2 00:00:00,0,100.00,
2016-12-3 00:00:00,0.054,100.00,
2016-12-4 00:00:00,0.075,100.00,
2016-12-5 00:00:00,0,100.00,
2016-12-6 00:00:00,0.057,100.00,
2016-12-7 00:00:00,0,100.00,
2016-12-8 00:00:00,0,100.00,
2016-12-9 00:00:00,0.288,100.00,
2016-12-10 00:00:00,0.676,100.00,
2016-12-11 00:00:00,0,100.00,
2016-12-12 00:00:00,0.663,100.00,
2016-12-13 00:00:00,0,100.00,
2016-12-14 00:00:00,0,100.00,
2016-12-15 00:00:00,0.169,100.00,
2016-12-16 00:00:00,0,100.00,
2016-12-17 00:00:00,1.243,100.00,
2016-12-18 00:00:00,0,100.00,
2016-12-19 00:00:00,0,100.00,
2016-12-20 00:00:00,0,100.00,
2016-12-21 00:00:00,0,100.00,
2016-12-22 00:00:00,0,100.00,
2016-12-23 00:00:00,0,100.00,
2016-12-24 00:00:00,0,100.00,
2016-12-25 00:00:00,0.144,100.00,
2016-12-26 00:00:00,0.376,100.00,
2016-12-27 00:00:00,0.460,100.00,
2016-12-28 00:00:00,0,100.00,
2016-12-29 00:00:00,0,100.00,
2016-12-30 00:00:00,0,100.00,
2016-12-31 00:00:00,0.077,100.00,
2017-1-1 00:00:00,0.350,100.00,
2017-1-2 00:00:00,0,100.00,
2017-1-3 00:00:00,0.440,100.00,
2017-1-4 00:00:00,0,100.00,
2017-1-5 00:00:00,0,100.00,
2017-1-6 00:00:00,0,100.00,
2017-1-7 00:00:00,0,100.00,
2017-1-8 00:00:00,1.581,100.00,
2017-1-9 00:00:00,0,100.00,
2017-1-10 00:00:00,0,100.00,
2017-1-11 00:00:00,0,100.00,
2017-1-12 00:00:00,0,100.00,
2017-1-13 00:00:00,0,100.00,
2017-1-14 00:00:00,0,100.00,
2017-1-15 00:00:00,0.185,100.00,
2017-1-16 00:00:00,0.217,100.00,
2017-1-17 00:00:00,0,100.00,
2017-1-18 00:00:00,0,100.00,
2017-1-19 00:00:00,0,100.00,
2017-1-20 00:00:00,0,100.00,
2017-1-21 00:00:00,0.325,100.00,
2017-1-22 00:00:00,0,100.00,
2017-1-23 00:00:00,0.132,100.00,
2017-1-24 00:00:00,0,100.00,
2017-1-25 00:00:00,0.030,100.00,
2017-1-26 00:00:00,0.644,100.00,
2017-1-27 00:00:00,9.598,100.00,
2017-1-28 00:00:00,0,100.00,
2017-1-29 00:00:00,0,100.00,
2017-1-30 00:00:00,0,100.00,
2017-1-31 00:00:00,0,100.00,
2017-2-1 00:00:00,0.488,100.00,
2017-2-2 00:00:00,0,100.00,
2017-2-3 00:00:00,0,100.00,
2017-2-4 00:00:00,0.198,100.00,
2017-2-5 00:00:00,0.105,100.00,
2017-2-6 00:00:00,0,100.00,
2017-2-7 00:00:00,0.050,100.00,
2017-2-8 00:00:00,0,100.00,
2017-2-9 00:00:00,0.058,100.00,
2017-2-10 00:00:00,0.051,100.00,
2017-2-11 00:00:00,0,100.00,
2017-2-12 00:00:00,0,100.00,
2017-2-13 00:00:00,0.065,100.00,
2017-2-14 00:00:00,0.697,100.00,
2017-2-15 00:00:00,0.232,100.00,
2017-2-16 00:00:00,0,100.00,
2017-2-17 00:00:00,0.207,100.00,
2017-2-18 00:00:00,0,100.00,
2017-2-19 00:00:00,0.466,100.00,
2017-2-20 00:00:00,1.460,100.00,
2017-2-21 00:00:00,0.400,100.00,
2017-2-22 00:00:00,0.032,100.00,
2017-2-23 00:00:00,0.548,100.00,
2017-2-24 00:00:00,0,100.00,
2017-2-25 00:00:00,0,100.00,
2017-2-26 00:00:00,0,100.00,
2017-2-27 00:00:00,0,100.00,
2017-2-28 00:00:00,0.081,100.00,
2017-3-1 00:00:00,0,100.00,
2017-3-2 00:00:00,0.527,100.00,
2017-3-3 00:00:00,3.728,100.00,
2017-3-4 00:00:00,0,100.00,
2017-3-5 00:00:00,0.140,100.00,
2017-3-6 00:00:00,0,100.00,
2017-3-7 00:00:00,0,100.00,
2017-3-8 00:00:00,0,100.00,
2017-3-9 00:00:00,0,100.00,
2017-3-10 00:00:00,3.977,100.00,
2017-3-11 00:00:00,4.355,100.00,
2017-3-12 00:00:00,0,100.00,
2017-3-13 00:00:00,0,100.00,
2017-3-14 00:00:00,0,100.00,
2017-3-15 00:00:00,0,100.00,
2017-3-16 00:00:00,0,100.00,
2017-3-17 00:00:00,0,100.00,
2017-3-18 00:00:00,0,100.00,
2017-3-19 00:00:00,0.920,100.00,
2017-3-20 00:00:00,0,100.00,
2017-3-21 00:00:00,0,100.00,
2017-3-22 00:00:00,0,100.00,
2017-3-23 00:00:00,0.114,100.00,
2017-3-24 00:00:00,11.220,100.00,
2017-3-25 00:00:00,2.085,100.00,
2017-3-26 00:00:00,0,100.00,
2017-3-27 00:00:00,0.432,100.00,
2017-3-28 00:00:00,0,100.00,
2017-3-29 00:00:00,0,100.00,
2017-3-30 00:00:00,0,100.00,
2017-3-31 00:00:00,0,100.00,
2017-4-1 00:00:00,6.917,100.00,
2017-4-2 00:00:00,6.084,100.00,
2017-4-3 00:00:00,7.376,100.00,
2017-4-4 00:00:00,0.475,100.00,
2017-4-5 00:00:00,0,100.00,
2017-4-6 00:00:00,0,100.00,
2017-4-7 00:00:00,2.397,100.00,
2017-4-8 00:00:00,0,100.00,
2017-4-9 00:00:00,0,100.00,
2017-4-10 00:00:00,0,100.00,
2017-4-11 00:00:00,0,100.00,
2017-4-12 00:00:00,0,100.00,
2017-4-13 00:00:00,0,100.00,
2017-4-14 00:00:00,4.500,100.00,
2017-4-15 00:00:00,7.862,100.00,
2017-4-16 00:00:00,0,100.00,
2017-4-17 00:00:00,0,100.00,
2017-4-18 00:00:00,0,100.00,
2017-4-19 00:00:00,11.747,100.00,
2017-4-20 00:00:00,3.100,100.00,
2017-4-21 00:00:00,0.147,100.00,
2017-4-22 00:00:00,0.526,100.00,
2017-4-23 00:00:00,0.595,100.00,
2017-4-24 00:00:00,0,100.00,
2017-4-25 00:00:00,0,100.00,
2017-4-26 00:00:00,0,100.00,
2017-4-27 00:00:00,0,100.00,
2017-4-28 00:00:00,0,100.00,
2017-4-29 00:00:00,0,100.00,
2017-4-30 00:00:00,0,100.00,
2017-5-1 00:00:00,0.321,100.00,
2017-5-2 00:00:00,0,100.00,
2017-5-3 00:00:00,5.470,100.00,
2017-5-4 00:00:00,11.456,100.00,
2017-5-5 00:00:00,2.731,100.00,
2017-5-6 00:00:00,11.070,100.00,
2017-5-7 00:00:00,2.444,100.00,
2017-5-8 00:00:00,14.786,100.00,
2017-5-9 00:00:00,15.162,100.00,
2017-5-10 00:00:00,0,100.00,
2017-5-11 00:00:00,4.396,100.00,
2017-5-12 00:00:00,0,100.00,
2017-5-13 00:00:00,4.422,100.00,
2017-5-14 00:00:00,13.375,100.00,
2017-5-15 00:00:00,16.390,100.00,
2017-5-16 00:00:00,1.672,100.00,
2017-5-17 00:00:00,20.291,100.00,
2017-5-18 00:00:00,0,100.00,
2017-5-19 00:00:00,0,100.00,
2017-5-20 00:00:00,0,100.00,
2017-5-21 00:00:00,0,100.00,
2017-5-22 00:00:00,0.261,100.00,
2017-5-23 00:00:00,1.327,100.00,
2017-5-24 00:00:00,0,100.00,
2017-5-25 00:00:00,1.800,100.00,
2017-5-26 00:00:00,8.570,100.00,
2017-5-27 00:00:00,0,100.00,
2017-5-28 00:00:00,4.021,100.00,
2017-5-29 00:00:00,0,100.00,
2017-5-30 00:00:00,0.611,100.00,
2017-5-31 00:00:00,0,100.00,
2017-6-1 00:00:00,0,100.00,
2017-6-2 00:00:00,0.640,100.00,
2017-6-3 00:00:00,0,100.00,
2017-6-4 00:00:00,1.795,100.00,
2017-6-5 00:00:00,18.746,100.00,
2017-6-6 00:00:00,29.354,100.00,
2017-6-7 00:00:00,4.099,100.00,
2017-6-8 00:00:00,8.285,100.00,
2017-6-9 00:00:00,0,100.00,
2017-6-10 00:00:00,1.437,100.00,
2017-6-11 00:00:00,0.318,100.00,
2017-6-12 00:00:00,0.499,100.00,
2017-6-13 00:00:00,4.260,100.00,
2017-6-14 00:00:00,9.727,100.00,
2017-6-15 00:00:00,17.514,100.00,
2017-6-16 00:00:00,0,100.00,
2017-6-17 00:00:00,0,100.00,
2017-6-18 00:00:00,0,100.00,
2017-6-19 00:00:00,20.936,100.00,
2017-6-20 00:00:00,9.945,100.00,
2017-6-21 00:00:00,11.039,100.00,
2017-6-22 00:00:00,1.893,100.00,
2017-6-23 00:00:00,4.251,100.00,
2017-6-24 00:00:00,12.808,100.00,
2017-6-25 00:00:00,10.134,100.00,
2017-6-26 00:00:00,8.367,100.00,
2017-6-27 00:00:00,12.036,100.00,
2017-6-28 00:00:00,10.455,100.00,
2017-6-29 00:00:00,1.389,100.00,
2017-6-30 00:00:00,14.240,100.00,
2017-7-1 00:00:00,27.754,100.00,
2017-7-2 00:00:00,5.816,100.00,
2017-7-3 00:00:00,9.707,100.00,
2017-7-4 00:00:00,17.538,100.00,
2017-7-5 00:00:00,5.212,100.00,
2017-7-6 00:00:00,4.569,100.00,
2017-7-7 00:00:00,6.622,100.00,
2017-7-8 00:00:00,34.538,100.00,
2017-7-9 00:00:00,19.115,100.00,
2017-7-10 00:00:00,18.717,100.00,
2017-7-11 00:00:00,35.075,100.00,
2017-7-12 00:00:00,5.447,100.00,
2017-7-13 00:00:00,2.114,100.00,
2017-7-14 00:00:00,7.371,100.00,
2017-7-15 00:00:00,5.238,100.00,
2017-7-16 00:00:00,15.509,100.00,
2017-7-17 00:00:00,9.733,100.00,
2017-7-18 00:00:00,1.889,100.00,
2017-7-19 00:00:00,6.490,100.00,
2017-7-20 00:00:00,2.280,100.00,
2017-7-21 00:00:00,8.852,100.00,
2017-7-22 00:00:00,4.661,100.00,
2017-7-23 00:00:00,21.965,100.00,
2017-7-24 00:00:00,4.783,100.00,
2017-7-25 00:00:00,3.326,100.00,
2017-7-26 00:00:00,2.270,100.00,
2017-7-27 00:00:00,0.150,100.00,
2017-7-28 00:00:00,31.897,100.00,
2017-7-29 00:00:00,27.632,100.00,
2017-7-30 00:00:00,1.678,100.00,
2017-7-31 00:00:00,4.175,100.00,
2017-8-1 00:00:00,8.516,100.00,
2017-8-2 00:00:00,24.571,100.00,
2017-8-3 00:00:00,27.152,100.00,
2017-8-4 00:00:00,20.877,100.00,
2017-8-5 00:00:00,7.971,100.00,
2017-8-6 00:00:00,6.435,100.00,
2017-8-7 00:00:00,1.677,100.00,
2017-8-8 00:00:00,5.593,100.00,
2017-8-9 00:00:00,9.477,100.00,
2017-8-10 00:00:00,18.931,100.00,
2017-8-11 00:00:00,19.561,100.00,
2017-8-12 00:00:00,52.253,100.00,
2017-8-13 00:00:00,14.092,100.00,
2017-8-14 00:00:00,0,100.00,
2017-8-15 00:00:00,1.554,100.00,
2017-8-16 00:00:00,11.075,100.00,
2017-8-17 00:00:00,5.305,100.00,
2017-8-18 00:00:00,16.102,100.00,
2017-8-19 00:00:00,11.999,100.00,
2017-8-20 00:00:00,4.982,100.00,
2017-8-21 00:00:00,0.219,100.00,
2017-8-22 00:00:00,23.550,100.00,
2017-8-23 00:00:00,0.514,100.00,
2017-8-24 00:00:00,20.983,100.00,
2017-8-25 00:00:00,18.307,100.00,
2017-8-26 00:00:00,8.018,100.00,
2017-8-27 00:00:00,12.002,100.00,
2017-8-28 00:00:00,3.319,100.00,
2017-8-29 00:00:00,1.352,100.00,
2017-8-30 00:00:00,11.540,100.00,
2017-8-31 00:00:00,30.749,100.00,
2017-9-1 00:00:00,11.854,100.00,
2017-9-2 00:00:00,10.939,100.00,
2017-9-3 00:00:00,4.383,100.00,
2017-9-4 00:00:00,0,100.00,
2017-9-5 00:00:00,0.197,100.00,
2017-9-6 00:00:00,0.422,100.00,
2017-9-7 00:00:00,3.690,100.00,
2017-9-8 00:00:00,0.475,100.00,
2017-9-9 00:00:00,0,100.00,
2017-9-10 00:00:00,6.592,100.00,
2017-9-11 00:00:00,11.652,100.00,
2017-9-12 00:00:00,11.391,100.00,
2017-9-13 00:00:00,1.646,100.00,
2017-9-14 00:00:00,0,100.00,
2017-9-15 00:00:00,1.551,100.00,
2017-9-16 00:00:00,1.233,100.00,
2017-9-17 00:00:00,22.693,100.00,
2017-9-18 00:00:00,0.813,100.00,
2017-9-19 00:00:00,7.116,100.00,
2017-9-20 00:00:00,4.074,100.00,
2017-9-21 00:00:00,7.663,100.00,
2017-9-22 00:00:00,6.795,100.00,
2017-9-23 00:00:00,1.882,100.00,
2017-9-24 00:00:00,0,100.00,
2017-9-25 00:00:00,0,100.00,
2017-9-26 00:00:00,0,100.00,
2017-9-27 00:00:00,0,100.00,
2017-9-28 00:00:00,6.804,100.00,
2017-9-29 00:00:00,21.421,100.00,
2017-9-30 00:00:00,4.592,100.00,
2017-10-1 00:00:00,2.853,100.00,
2017-10-2 00:00:00,0.140,100.00,
2017-10-3 00:00:00,0,100.00,
2017-10-4 00:00:00,0.124,100.00,
2017-10-5 00:00:00,0.236,100.00,
2017-10-6 00:00:00,1.259,100.00,
2017-10-7 00:00:00,0.928,100.00,
2017-10-8 00:00:00,0,100.00,
2017-10-9 00:00:00,0.107,100.00,
2017-10-10 00:00:00,5.318,100.00,
2017-10-11 00:00:00,7.652,100.00,
2017-10-12 00:00:00,0,100.00,
2017-10-13 00:00:00,1.672,100.00,
2017-10-14 00:00:00,0,100.00,
2017-10-15 00:00:00,0,100.00,
2017-10-16 00:00:00,0.216,100.00,
2017-10-17 00:00:00,4.239,100.00,
2017-10-18 00:00:00,0,100.00,
2017-10-19 00:00:00,1.220,100.00,
2017-10-20 00:00:00,6.606,100.00,
2017-10-21 00:00:00,5.045,100.00,
2017-10-22 00:00:00,1.940,100.00,
2017-10-23 00:00:00,0,100.00,
2017-10-24 00:00:00,0,100.00,
2017-10-25 00:00:00,0,100.00,
2017-10-26 00:00:00,0.207,100.00,
2017-10-27 00:00:00,0,100.00,
2017-10-28 00:00:00,5.244,100.00,
2017-10-29 00:00:00,0,100.00,
2017-10-30 00:00:00,0.055,100.00,
2017-10-31 00:00:00,7.465,100.00,
2017-11-1 00:00:00,0.357,100.00,
2017-11-2 00:00:00,0,100.00,
2017-11-3 00:00:00,0,100.00,
2017-11-4 00:00:00,0,100.00,
2017-11-5 00:00:00,0,100.00,
2017-11-6 00:00:00,0,100.00,
2017-11-7 00:00:00,0,100.00,
2017-11-8 00:00:00,0.193,100.00,
2017-11-9 00:00:00,0,100.00,
2017-11-10 00:00:00,0,100.00,
2017-11-11 00:00:00,0,100.00,
2017-11-12 00:00:00,0,100.00,
2017-11-13 00:00:00,0,100.00,
2017-11-14 00:00:00,0,100.00,
2017-11-15 00:00:00,0,100.00,
2017-11-16 00:00:00,0,100.00,
2017-11-17 00:00:00,0.029,100.00,
2017-11-18 00:00:00,0,100.00,
2017-11-19 00:00:00,0,100.00,
2017-11-20 00:00:00,0,100.00,
2017-11-21 00:00:00,0,100.00,
2017-11-22 00:00:00,0,100.00,
2017-11-23 00:00:00,0,100.00,
2017-11-24 00:00:00,0,100.00,
2017-11-25 00:00:00,0,100.00,
2017-11-26 00:00:00,0,100.00,
2017-11-27 00:00:00,0.045,100.00,
2017-11-28 00:00:00,0.091,100.00,
2017-11-29 00:00:00,0,100.00,
2017-11-30 00:00:00,0,100.00,
2017-12-1 00:00:00,0,100.00,
2017-12-2 00:00:00,0,100.00,
2017-12-3 00:00:00,0.133,100.00,
2017-12-4 00:00:00,0,100.00,
2017-12-5 00:00:00,0.500,100.00,
2017-12-6 00:00:00,0.543,100.00,
2017-12-7 00:00:00,0,100.00,
2017-12-8 00:00:00,0,100.00,
2017-12-9 00:00:00,0.548,100.00,
2017-12-10 00:00:00,0,100.00,
2017-12-11 00:00:00,0,100.00,
2017-12-12 00:00:00,0.936,100.00,
2017-12-13 00:00:00,0,100.00,
2017-12-14 00:00:00,0.117,100.00,
2017-12-15 00:00:00,0,100.00,
2017-12-16 00:00:00,0.053,100.00,
2017-12-17 00:00:00,0,100.00,
2017-12-18 00:00:00,0,100.00,
2017-12-19 00:00:00,0.458,100.00,
2017-12-20 00:00:00,0.581,100.00,
2017-12-21 00:00:00,0,100.00,
2017-12-22 00:00:00,0,100.00,
2017-12-23 00:00:00,0,100.00,
2017-12-24 00:00:00,0,100.00,
2017-12-25 00:00:00,0,100.00,
2017-12-26 00:00:00,0,100.00,
2017-12-27 00:00:00,0.141,100.00,
2017-12-28 00:00:00,0,100.00,
2017-12-29 00:00:00,0,100.00,
2017-12-30 00:00:00,0,100.00,
2017-12-31 00:00:00,1.045,100.00,
2018-1-1 00:00:00,0.085,100.00,
2018-1-2 00:00:00,0.756,100.00,
2018-1-3 00:00:00,0.056,100.00,
2018-1-4 00:00:00,0.259,100.00,
2018-1-5 00:00:00,0.861,100.00,
2018-1-6 00:00:00,0.258,100.00,
2018-1-7 00:00:00,0,100.00,
2018-1-8 00:00:00,0,100.00,
2018-1-9 00:00:00,0,100.00,
2018-1-10 00:00:00,0.411,100.00,
2018-1-11 00:00:00,0,100.00,
2018-1-12 00:00:00,0,100.00,
2018-1-13 00:00:00,0,100.00,
2018-1-14 00:00:00,0,100.00,
2018-1-15 00:00:00,1.842,100.00,
2018-1-16 00:00:00,0.093,100.00,
2018-1-17 00:00:00,0,100.00,
2018-1-18 00:00:00,0,100.00,
2018-1-19 00:00:00,0,100.00,
2018-1-20 00:00:00,0,100.00,
2018-1-21 00:00:00,0,100.00,
2018-1-22 00:00:00,0,100.00,
2018-1-23 00:00:00,0,100.00,
2018-1-24 00:00:00,0.102,100.00,
2018-1-25 00:00:00,0,100.00,
2018-1-26 00:00:00,0,100.00,
2018-1-27 00:00:00,1.555,100.00,
2018-1-28 00:00:00,0,100.00,
2018-1-29 00:00:00,0.048,100.00,
2018-1-30 00:00:00,0,100.00,
2018-1-31 00:00:00,1.550,100.00,
2018-2-1 00:00:00,0,100.00,
2018-2-2 00:00:00,0,100.00,
2018-2-3 00:00:00,0,100.00,
2018-2-4 00:00:00,0,100.00,
2018-2-5 00:00:00,0.672,100.00,
2018-2-6 00:00:00,1.213,100.00,
2018-2-7 00:00:00,4.233,100.00,
2018-2-8 00:00:00,0,100.00,
2018-2-9 00:00:00,0,100.00,
2018-2-10 00:00:00,0.089,100.00,
2018-2-11 00:00:00,0.094,100.00,
2018-2-12 00:00:00,8.317,100.00,
2018-2-13 00:00:00,0.701,100.00,
2018-2-14 00:00:00,0,100.00,
2018-2-15 00:00:00,0,100.00,
2018-2-16 00:00:00,0,100.00,
2018-2-17 00:00:00,0.041,100.00,
2018-2-18 00:00:00,0,100.00,
2018-2-19 00:00:00,0,100.00,
2018-2-20 00:00:00,0,100.00,
2018-2-21 00:00:00,0,100.00,
2018-2-22 00:00:00,0.389,100.00,
2018-2-23 00:00:00,0,100.00,
2018-2-24 00:00:00,0,100.00,
2018-2-25 00:00:00,1.483,100.00,
2018-2-26 00:00:00,0,100.00,
2018-2-27 00:00:00,0,100.00,
2018-2-28 00:00:00,0,100.00,
2018-3-1 00:00:00,2.065,100.00,
2018-3-2 00:00:00,0.630,100.00,
2018-3-3 00:00:00,0,100.00,
2018-3-4 00:00:00,0,100.00,
2018-3-5 00:00:00,1.360,100.00,
2018-3-6 00:00:00,0,100.00,
2018-3-7 00:00:00,0,100.00,
2018-3-8 00:00:00,0,100.00,
2018-3-9 00:00:00,0.054,100.00,
2018-3-10 00:00:00,0.041,100.00,
2018-3-11 00:00:00,3.069,100.00,
2018-3-12 00:00:00,2.040,100.00,
2018-3-13 00:00:00,0,100.00,
2018-3-14 00:00:00,0,100.00,
2018-3-15 00:00:00,0.036,100.00,
2018-3-16 00:00:00,0,100.00,
2018-3-17 00:00:00,0,100.00,
2018-3-18 00:00:00,0,100.00,
2018-3-19 00:00:00,0,100.00,
2018-3-20 00:00:00,0,100.00,
2018-3-21 00:00:00,0.036,100.00,
2018-3-22 00:00:00,0,100.00,
2018-3-23 00:00:00,0,100.00,
2018-3-24 00:00:00,0,100.00,
2018-3-25 00:00:00,0,100.00,
2018-3-26 00:00:00,0,100.00,
2018-3-27 00:00:00,0,100.00,
2018-3-28 00:00:00,2.747,100.00,
2018-3-29 00:00:00,3.670,100.00,
2018-3-30 00:00:00,14.410,100.00,
2018-3-31 00:00:00,0.537,100.00,
2018-4-1 00:00:00,0,100.00,
2018-4-2 00:00:00,0,100.00,
2018-4-3 00:00:00,0.020,100.00,
2018-4-4 00:00:00,1.663,100.00,
2018-4-5 00:00:00,0,100.00,
2018-4-6 00:00:00,4.538,100.00,
2018-4-7 00:00:00,7.664,100.00,
2018-4-8 00:00:00,1.398,100.00,
2018-4-9 00:00:00,0.861,100.00,
2018-4-10 00:00:00,6.113,100.00,
2018-4-11 00:00:00,2.056,100.00,
2018-4-12 00:00:00,0.613,100.00,
2018-4-13 00:00:00,0.329,100.00,
2018-4-14 00:00:00,0,100.00,
2018-4-15 00:00:00,0,100.00,
2018-4-16 00:00:00,0,100.00,
2018-4-17 00:00:00,0.202,100.00,
2018-4-18 00:00:00,0,100.00,
2018-4-19 00:00:00,0,100.00,
2018-4-20 00:00:00,0,100.00,
2018-4-21 00:00:00,0,100.00,
2018-4-22 00:00:00,0,100.00,
2018-4-23 00:00:00,0,100.00,
2018-4-24 00:00:00,0,100.00,
2018-4-25 00:00:00,0,100.00,
2018-4-26 00:00:00,1.554,100.00,
2018-4-27 00:00:00,0.028,100.00,
2018-4-28 00:00:00,2.926,100.00,
2018-4-29 00:00:00,26.874,100.00,
2018-4-30 00:00:00,11.828,100.00,
2018-5-1 00:00:00,0.967,100.00,
2018-5-2 00:00:00,16.190,100.00,
2018-5-3 00:00:00,0.314,100.00,
2018-5-4 00:00:00,0,100.00,
2018-5-5 00:00:00,0,100.00,
2018-5-6 00:00:00,0.563,100.00,
2018-5-7 00:00:00,2.900,100.00,
2018-5-8 00:00:00,8.951,100.00,
2018-5-9 00:00:00,0.429,100.00,
2018-5-10 00:00:00,1.103,100.00,
2018-5-11 00:00:00,0,100.00,
2018-5-12 00:00:00,2.868,100.00,
2018-5-13 00:00:00,33.838,100.00,
2018-5-14 00:00:00,0,100.00,
2018-5-15 00:00:00,0,100.00,
2018-5-16 00:00:00,0,100.00,
2018-5-17 00:00:00,0,100.00,
2018-5-18 00:00:00,0,100.00,
2018-5-19 00:00:00,9.210,100.00,
2018-5-20 00:00:00,1.905,100.00,
2018-5-21 00:00:00,0.082,100.00,
2018-5-22 00:00:00,0.669,100.00,
2018-5-23 00:00:00,4.405,100.00,
2018-5-24 00:00:00,16.039,100.00,
2018-5-25 00:00:00,7.536,100.00,
2018-5-26 00:00:00,12.553,100.00,
2018-5-27 00:00:00,8.783,100.00,
2018-5-28 00:00:00,0,100.00,
2018-5-29 00:00:00,0.807,100.00,
2018-5-30 00:00:00,0,100.00,
2018-5-31 00:00:00,2.513,100.00,
2018-6-1 00:00:00,0,100.00,
2018-6-2 00:00:00,0,100.00,
2018-6-3 00:00:00,0,100.00,
2018-6-4 00:00:00,0.694,100.00,
2018-6-5 00:00:00,6.925,100.00,
2018-6-6 00:00:00,5.941,100.00,
2018-6-7 00:00:00,30.123,100.00,
2018-6-8 00:00:00,18.818,100.00,
2018-6-9 00:00:00,12.110,100.00,
2018-6-10 00:00:00,8.102,100.00,
2018-6-11 00:00:00,32.355,100.00,
2018-6-12 00:00:00,9.040,100.00,
2018-6-13 00:00:00,5.570,100.00,
2018-6-14 00:00:00,0.396,100.00,
2018-6-15 00:00:00,0,100.00,
2018-6-16 00:00:00,3.137,100.00,
2018-6-17 00:00:00,5.265,100.00,
2018-6-18 00:00:00,0,100.00,
2018-6-19 00:00:00,0,100.00,
2018-6-20 00:00:00,13.758,100.00,
2018-6-21 00:00:00,3.960,100.00,
2018-6-22 00:00:00,5.347,100.00,
2018-6-23 00:00:00,16.649,100.00,
2018-6-24 00:00:00,8.219,100.00,
2018-6-25 00:00:00,16.799,100.00,
2018-6-26 00:00:00,14.759,100.00,
2018-6-27 00:00:00,5.940,100.00,
2018-6-28 00:00:00,1.403,100.00,
2018-6-29 00:00:00,11.797,100.00,
2018-6-30 00:00:00,10.455,100.00,
2018-7-1 00:00:00,30.224,100.00,
2018-7-2 00:00:00,34.271,100.00,
2018-7-3 00:00:00,9.551,100.00,
2018-7-4 00:00:00,27.800,100.00,
2018-7-5 00:00:00,18.188,100.00,
2018-7-6 00:00:00,8.847,100.00,
2018-7-7 00:00:00,5.073,100.00,
2018-7-8 00:00:00,18.591,100.00,
2018-7-9 00:00:00,18.697,100.00,
2018-7-10 00:00:00,6.165,100.00,
2018-7-11 00:00:00,12.555,100.00,
2018-7-12 00:00:00,17.244,100.00,
2018-7-13 00:00:00,18.282,100.00,
2018-7-14 00:00:00,13.859,100.00,
2018-7-15 00:00:00,20.700,100.00,
2018-7-16 00:00:00,13.159,100.00,
2018-7-17 00:00:00,19.529,100.00,
2018-7-18 00:00:00,18.784,100.00,
2018-7-19 00:00:00,4.012,100.00,
2018-7-20 00:00:00,18.085,100.00,
2018-7-21 00:00:00,13.804,100.00,
2018-7-22 00:00:00,27.739,100.00,
2018-7-23 00:00:00,16.047,100.00,
2018-7-24 00:00:00,13.574,100.00,
2018-7-25 00:00:00,9.815,100.00,
2018-7-26 00:00:00,17.735,100.00,
2018-7-27 00:00:00,27.077,100.00,
2018-7-28 00:00:00,33.919,100.00,
2018-7-29 00:00:00,24.877,100.00,
2018-7-30 00:00:00,15.262,100.00,
2018-7-31 00:00:00,13.098,100.00,
2018-8-1 00:00:00,18.390,100.00,
2018-8-2 00:00:00,28.354,100.00,
2018-8-3 00:00:00,19.102,100.00,
2018-8-4 00:00:00,33.215,100.00,
2018-8-5 00:00:00,18.467,100.00,
2018-8-6 00:00:00,9.757,100.00,
2018-8-7 00:00:00,4.061,100.00,
2018-8-8 00:00:00,11.182,100.00,
2018-8-9 00:00:00,11.139,100.00,
2018-8-10 00:00:00,20.111,100.00,
2018-8-11 00:00:00,11.370,100.00,
2018-8-12 00:00:00,25.850,100.00,
2018-8-13 00:00:00,16.800,100.00,
2018-8-14 00:00:00,25.799,100.00,
2018-8-15 00:00:00,6.342,100.00,
2018-8-16 00:00:00,13.649,100.00,
2018-8-17 00:00:00,7.726,100.00,
2018-8-18 00:00:00,6.385,100.00,
2018-8-19 00:00:00,14.530,100.00,
2018-8-20 00:00:00,22.742,100.00,
2018-8-21 00:00:00,31.549,100.00,
2018-8-22 00:00:00,10.538,100.00,
2018-8-23 00:00:00,12.233,100.00,
2018-8-24 00:00:00,7.513,100.00,
2018-8-25 00:00:00,5.042,100.00,
2018-8-26 00:00:00,16.004,100.00,
2018-8-27 00:00:00,21.632,100.00,
2018-8-28 00:00:00,22.042,100.00,
2018-8-29 00:00:00,22.025,100.00,
2018-8-30 00:00:00,26.039,100.00,
2018-8-31 00:00:00,4.108,100.00,
2018-9-1 00:00:00,14.316,100.00,
2018-9-2 00:00:00,1.750,100.00,
2018-9-3 00:00:00,9.801,100.00,
2018-9-4 00:00:00,17.184,100.00,
2018-9-5 00:00:00,9.243,100.00,
2018-9-6 00:00:00,21.878,100.00,
2018-9-7 00:00:00,1.227,100.00,
2018-9-8 00:00:00,0,100.00,
2018-9-9 00:00:00,9.704,100.00,
2018-9-10 00:00:00,19.385,100.00,
2018-9-11 00:00:00,8.232,100.00,
2018-9-12 00:00:00,10.224,100.00,
2018-9-13 00:00:00,4.015,100.00,
2018-9-14 00:00:00,1.185,100.00,
2018-9-15 00:00:00,12.331,100.00,
2018-9-16 00:00:00,0,100.00,
2018-9-17 00:00:00,0,100.00,
2018-9-18 00:00:00,0,100.00,
2018-9-19 00:00:00,1.293,100.00,
2018-9-20 00:00:00,22.637,100.00,
2018-9-21 00:00:00,0,100.00,
2018-9-22 00:00:00,0,100.00,
2018-9-23 00:00:00,0,100.00,
2018-9-24 00:00:00,0,100.00,
2018-9-25 00:00:00,0,100.00,
2018-9-26 00:00:00,0,100.00,
2018-9-27 00:00:00,0.275,100.00,
2018-9-28 00:00:00,0,100.00,
2018-9-29 00:00:00,0,100.00,
2018-9-30 00:00:00,0,100.00,
2018-10-1 00:00:00,0,100.00,
2018-10-2 00:00:00,0,100.00,
2018-10-3 00:00:00,0.326,100.00,
2018-10-4 00:00:00,0.161,100.00,
2018-10-5 00:00:00,0,100.00,
2018-10-6 00:00:00,0,100.00,
2018-10-7 00:00:00,0,100.00,
2018-10-8 00:00:00,0.032,100.00,
2018-10-9 00:00:00,3.415,100.00,
2018-10-10 00:00:00,0,100.00,
2018-10-11 00:00:00,4.495,100.00,
2018-10-12 00:00:00,8.370,100.00,
2018-10-13 00:00:00,6.508,100.00,
2018-10-14 00:00:00,0,100.00,
2018-10-15 00:00:00,0,100.00,
2018-10-16 00:00:00,0,100.00,
2018-10-17 00:00:00,4.303,100.00,
2018-10-18 00:00:00,0,100.00,
2018-10-19 00:00:00,1.144,100.00,
2018-10-20 00:00:00,0,100.00,
2018-10-21 00:00:00,3.397,100.00,
2018-10-22 00:00:00,0.317,100.00,
2018-10-23 00:00:00,0.327,100.00,
2018-10-24 00:00:00,0.911,100.00,
2018-10-25 00:00:00,1.976,100.00,
2018-10-26 00:00:00,1.317,100.00,
2018-10-27 00:00:00,0.260,100.00,
2018-10-28 00:00:00,1.430,100.00,
2018-10-29 00:00:00,3.107,100.00,
2018-10-30 00:00:00,2.045,100.00,
2018-10-31 00:00:00,0.713,100.00,
2018-11-1 00:00:00,0.149,100.00,
2018-11-2 00:00:00,0,100.00,
2018-11-3 00:00:00,0,100.00,
2018-11-4 00:00:00,0.608,100.00,
2018-11-5 00:00:00,0,100.00,
2018-11-6 00:00:00,0.022,100.00,
2018-11-7 00:00:00,0.043,100.00,
2018-11-8 00:00:00,0,100.00,
2018-11-9 00:00:00,0,100.00,
2018-11-10 00:00:00,0.383,100.00,
2018-11-11 00:00:00,0,100.00,
2018-11-12 00:00:00,0,100.00,
2018-11-13 00:00:00,0,100.00,
2018-11-14 00:00:00,0,100.00,
2018-11-15 00:00:00,0,100.00,
2018-11-16 00:00:00,0,100.00,
2018-11-17 00:00:00,0,100.00,
2018-11-18 00:00:00,0,100.00,
2018-11-19 00:00:00,0,100.00,
2018-11-20 00:00:00,0,100.00,
2018-11-21 00:00:00,0,100.00,
2018-11-22 00:00:00,0,100.00,
2018-11-23 00:00:00,0,100.00,
2018-11-24 00:00:00,0.085,100.00,
2018-11-25 00:00:00,0,100.00,
2018-11-26 00:00:00,0,100.00,
2018-11-27 00:00:00,0.103,100.00,
2018-11-28 00:00:00,0,100.00,
2018-11-29 00:00:00,0,100.00,
2018-11-30 00:00:00,0,100.00,
2018-12-1 00:00:00,1.218,100.00,
2018-12-2 00:00:00,0,100.00,
2018-12-3 00:00:00,0,100.00,
2018-12-4 00:00:00,0.157,100.00,
2018-12-5 00:00:00,0.130,100.00,
2018-12-6 00:00:00,0.027,100.00,
2018-12-7 00:00:00,0.623,100.00,
2018-12-8 00:00:00,0,100.00,
2018-12-9 00:00:00,0.477,100.00,
2018-12-10 00:00:00,0,100.00,
2018-12-11 00:00:00,0,100.00,
2018-12-12 00:00:00,0,100.00,
2018-12-13 00:00:00,0.566,100.00,
2018-12-14 00:00:00,0,100.00,
2018-12-15 00:00:00,0.056,100.00,
2018-12-16 00:00:00,0,100.00,
2018-12-17 00:00:00,0.226,100.00,
2018-12-18 00:00:00,0,100.00,
2018-12-19 00:00:00,0.036,100.00,
2018-12-20 00:00:00,0,100.00,
2018-12-21 00:00:00,0.043,100.00,
2018-12-22 00:00:00,0.009,100.00,
2018-12-23 00:00:00,0.137,100.00,
2018-12-24 00:00:00,1.111,100.00,
2018-12-25 00:00:00,0.051,100.00,
2018-12-26 00:00:00,0.374,100.00,
2018-12-27 00:00:00,0.342,100.00,
2018-12-28 00:00:00,0.832,100.00,
2018-12-29 00:00:00,0,100.00,
2018-12-30 00:00:00,0,100.00,
2018-12-31 00:00:00,0,100.00,
2019-1-1 00:00:00,0,100.00,
2019-1-2 00:00:00,0.051,100.00,
2019-1-3 00:00:00,0.290,100.00,
2019-1-4 00:00:00,0.073,100.00,
2019-1-5 00:00:00,0.242,100.00,
2019-1-6 00:00:00,0,100.00,
2019-1-7 00:00:00,1.059,100.00,
2019-1-8 00:00:00,0,100.00,
2019-1-9 00:00:00,0,100.00,
2019-1-10 00:00:00,0,100.00,
2019-1-11 00:00:00,0,100.00,
2019-1-12 00:00:00,0,100.00,
2019-1-13 00:00:00,0,100.00,
2019-1-14 00:00:00,0,100.00,
2019-1-15 00:00:00,0.310,100.00,
2019-1-16 00:00:00,0.568,100.00,
2019-1-17 00:00:00,0,100.00,
2019-1-18 00:00:00,0,100.00,
2019-1-19 00:00:00,0,100.00,
2019-1-20 00:00:00,0.039,100.00,
2019-1-21 00:00:00,0,100.00,
2019-1-22 00:00:00,1.255,100.00,
2019-1-23 00:00:00,0,100.00,
2019-1-24 00:00:00,0.225,100.00,
2019-1-25 00:00:00,3.084,100.00,
2019-1-26 00:00:00,2.295,100.00,
2019-1-27 00:00:00,0,100.00,
2019-1-28 00:00:00,0,100.00,
2019-1-29 00:00:00,0,100.00,
2019-1-30 00:00:00,0,100.00,
2019-1-31 00:00:00,2.758,100.00,
2019-2-1 00:00:00,0,100.00,
2019-2-2 00:00:00,0,100.00,
2019-2-3 00:00:00,0,100.00,
2019-2-4 00:00:00,0,100.00,
2019-2-5 00:00:00,0,100.00,
2019-2-6 00:00:00,0,100.00,
2019-2-7 00:00:00,3.716,100.00,
2019-2-8 00:00:00,18.751,100.00,
2019-2-9 00:00:00,3.432,100.00,
2019-2-10 00:00:00,3.858,100.00,
2019-2-11 00:00:00,0,100.00,
2019-2-12 00:00:00,0.044,100.00,
2019-2-13 00:00:00,0.278,100.00,
2019-2-14 00:00:00,8.689,100.00,
2019-2-15 00:00:00,6.728,100.00,
2019-2-16 00:00:00,0.026,100.00,
2019-2-17 00:00:00,0,100.00,
2019-2-18 00:00:00,0,100.00,
2019-2-19 00:00:00,0,100.00,
2019-2-20 00:00:00,0,100.00,
2019-2-21 00:00:00,0,100.00,
2019-2-22 00:00:00,0,100.00,
2019-2-23 00:00:00,0,100.00,
2019-2-24 00:00:00,2.576,100.00,
2019-2-25 00:00:00,0.157,100.00,
2019-2-26 00:00:00,0.450,100.00,
2019-2-27 00:00:00,1.765,100.00,
2019-2-28 00:00:00,0.020,100.00,
2019-3-1 00:00:00,0,100.00,
2019-3-2 00:00:00,0.067,100.00,
2019-3-3 00:00:00,0,100.00,
2019-3-4 00:00:00,0,100.00,
2019-3-5 00:00:00,0,100.00,
2019-3-6 00:00:00,0,100.00,
2019-3-7 00:00:00,0,100.00,
2019-3-8 00:00:00,0,100.00,
2019-3-9 00:00:00,0,100.00,
2019-3-10 00:00:00,0,100.00,
2019-3-11 00:00:00,0,100.00,
2019-3-12 00:00:00,0,100.00,
2019-3-13 00:00:00,1.471,100.00,
2019-3-14 00:00:00,1.219,100.00,
2019-3-15 00:00:00,0.102,100.00,
2019-3-16 00:00:00,0,100.00,
2019-3-17 00:00:00,0,100.00,
2019-3-18 00:00:00,0,100.00,
2019-3-19 00:00:00,0.405,100.00,
2019-3-20 00:00:00,1.336,100.00,
2019-3-21 00:00:00,0,100.00,
2019-3-22 00:00:00,0,100.00,
2019-3-23 00:00:00,0,100.00,
2019-3-24 00:00:00,0,100.00,
2019-3-25 00:00:00,3.193,100.00,
2019-3-26 00:00:00,13.721,100.00,
2019-3-27 00:00:00,0,100.00,
2019-3-28 00:00:00,0,100.00,
2019-3-29 00:00:00,0,100.00,
2019-3-30 00:00:00,2.701,100.00,
2019-3-31 00:00:00,7.329,100.00,
2019-4-1 00:00:00,4.492,100.00,
2019-4-2 00:00:00,0,100.00,
2019-4-3 00:00:00,0,100.00,
2019-4-4 00:00:00,0.246,100.00,
2019-4-5 00:00:00,9.510,100.00,
2019-4-6 00:00:00,22.459,100.00,
2019-4-7 00:00:00,2.247,100.00,
2019-4-8 00:00:00,1.701,100.00,
2019-4-9 00:00:00,8.944,100.00,
2019-4-10 00:00:00,0,100.00,
2019-4-11 00:00:00,0.169,100.00,
2019-4-12 00:00:00,1.685,100.00,
2019-4-13 00:00:00,7.167,100.00,
2019-4-14 00:00:00,4.985,100.00,
2019-4-15 00:00:00,5.472,100.00,
2019-4-16 00:00:00,10.871,100.00,
2019-4-17 00:00:00,0.219,100.00,
2019-4-18 00:00:00,0,100.00,
2019-4-19 00:00:00,0,100.00,
2019-4-20 00:00:00,0,100.00,
2019-4-21 00:00:00,0.224,100.00,
2019-4-22 00:00:00,0.390,100.00,
2019-4-23 00:00:00,0.455,100.00,
2019-4-24 00:00:00,1.936,100.00,
2019-4-25 00:00:00,0.292,100.00,
2019-4-26 00:00:00,0,100.00,
2019-4-27 00:00:00,0.463,100.00,
2019-4-28 00:00:00,0,100.00,
2019-4-29 00:00:00,0.653,100.00,
2019-4-30 00:00:00,0,100.00,
2019-5-1 00:00:00,1.549,100.00,
2019-5-2 00:00:00,0,100.00,
2019-5-3 00:00:00,12.648,100.00,
2019-5-4 00:00:00,0,100.00,
2019-5-5 00:00:00,0,100.00,
2019-5-6 00:00:00,0.649,100.00,
2019-5-7 00:00:00,0.166,100.00,
2019-5-8 00:00:00,0.150,100.00,
2019-5-9 00:00:00,0.300,100.00,
2019-5-10 00:00:00,0.895,100.00,
2019-5-11 00:00:00,3.410,100.00,
2019-5-12 00:00:00,3.225,100.00,
2019-5-13 00:00:00,0.556,100.00,
2019-5-14 00:00:00,1.699,100.00,
2019-5-15 00:00:00,2.688,100.00,
2019-5-16 00:00:00,2.333,100.00,
2019-5-17 00:00:00,0.983,100.00,
2019-5-18 00:00:00,0,100.00,
2019-5-19 00:00:00,0,100.00,
2019-5-20 00:00:00,3.001,100.00,
2019-5-21 00:00:00,4.714,100.00,
2019-5-22 00:00:00,15.479,100.00,
2019-5-23 00:00:00,1.427,100.00,
2019-5-24 00:00:00,4.293,100.00,
2019-5-25 00:00:00,0.496,100.00,
2019-5-26 00:00:00,0,100.00,
2019-5-27 00:00:00,1.199,100.00,
2019-5-28 00:00:00,0,100.00,
2019-5-29 00:00:00,0.307,100.00,
2019-5-30 00:00:00,4.738,100.00,
2019-5-31 00:00:00,1.337,100.00,
2019-6-1 00:00:00,0.835,100.00,
2019-6-2 00:00:00,3.541,100.00,
2019-6-3 00:00:00,0,100.00,
2019-6-4 00:00:00,0,100.00,
2019-6-5 00:00:00,1.438,100.00,
2019-6-6 00:00:00,6.846,100.00,
2019-6-7 00:00:00,7.780,100.00,
2019-6-8 00:00:00,2.283,100.00,
2019-6-9 00:00:00,4.669,100.00,
2019-6-10 00:00:00,14.602,100.00,
2019-6-11 00:00:00,19.811,100.00,
2019-6-12 00:00:00,5.099,100.00,
2019-6-13 00:00:00,1.135,100.00,
2019-6-14 00:00:00,4.288,100.00,
2019-6-15 00:00:00,0.124,100.00,
2019-6-16 00:00:00,7.506,100.00,
2019-6-17 00:00:00,0.363,100.00,
2019-6-18 00:00:00,0,100.00,
2019-6-19 00:00:00,0.473,100.00,
2019-6-20 00:00:00,0,100.00,
2019-6-21 00:00:00,25.771,100.00,
2019-6-22 00:00:00,26.716,100.00,
2019-6-23 00:00:00,0,100.00,
2019-6-24 00:00:00,0,100.00,
2019-6-25 00:00:00,6.450,100.00,
2019-6-26 00:00:00,22.846,100.00,
2019-6-27 00:00:00,12.800,100.00,
2019-6-28 00:00:00,9.452,100.00,
2019-6-29 00:00:00,4.383,100.00,
2019-6-30 00:00:00,6.178,100.00,
2019-7-1 00:00:00,6.615,100.00,
2019-7-2 00:00:00,7.774,100.00,
2019-7-3 00:00:00,3.333,100.00,
2019-7-4 00:00:00,3.777,100.00,
2019-7-5 00:00:00,13.457,100.00,
2019-7-6 00:00:00,8.117,100.00,
2019-7-7 00:00:00,10.496,100.00,
2019-7-8 00:00:00,27.496,100.00,
2019-7-9 00:00:00,49.540,100.00,
2019-7-10 00:00:00,5.993,100.00,
2019-7-11 00:00:00,19.190,100.00,
2019-7-12 00:00:00,80.352,100.00,
2019-7-13 00:00:00,22.688,100.00,
2019-7-14 00:00:00,9.118,100.00,
2019-7-15 00:00:00,20.502,100.00,
2019-7-16 00:00:00,0.150,100.00,
2019-7-17 00:00:00,4.939,100.00,
2019-7-18 00:00:00,2.263,100.00,
2019-7-19 00:00:00,12.104,100.00,
2019-7-20 00:00:00,14.613,100.00,
2019-7-21 00:00:00,6.862,100.00,
2019-7-22 00:00:00,29.722,100.00,
2019-7-23 00:00:00,17.081,100.00,
2019-7-24 00:00:00,38.885,100.00,
2019-7-25 00:00:00,1.837,100.00,
2019-7-26 00:00:00,5.781,100.00,
2019-7-27 00:00:00,4.691,100.00,
2019-7-28 00:00:00,7.981,100.00,
2019-7-29 00:00:00,7.137,100.00,
2019-7-30 00:00:00,21.788,100.00,
2019-7-31 00:00:00,9.355,100.00,
2019-8-1 00:00:00,0,100.00,
2019-8-2 00:00:00,1.947,100.00,
2019-8-3 00:00:00,5.274,100.00,
2019-8-4 00:00:00,6.908,100.00,
2019-8-5 00:00:00,11.893,100.00,
2019-8-6 00:00:00,12.364,100.00,
2019-8-7 00:00:00,4.087,100.00,
2019-8-8 00:00:00,13.185,100.00,
2019-8-9 00:00:00,3.696,100.00,
2019-8-10 00:00:00,11.855,100.00,
2019-8-11 00:00:00,8.111,100.00,
2019-8-12 00:00:00,11.022,100.00,
2019-8-13 00:00:00,4.994,100.00,
2019-8-14 00:00:00,3.115,100.00,
2019-8-15 00:00:00,0.341,100.00,
2019-8-16 00:00:00,22.134,100.00,
2019-8-17 00:00:00,7.305,100.00,
2019-8-18 00:00:00,16.362,100.00,
2019-8-19 00:00:00,0,100.00,
2019-8-20 00:00:00,0,100.00,
2019-8-21 00:00:00,6.763,100.00,
2019-8-22 00:00:00,0.970,100.00,
2019-8-23 00:00:00,33.835,100.00,
2019-8-24 00:00:00,12.050,100.00,
2019-8-25 00:00:00,1.263,100.00,
2019-8-26 00:00:00,4.602,100.00,
2019-8-27 00:00:00,0,100.00,
2019-8-28 00:00:00,20.055,100.00,
2019-8-29 00:00:00,0.247,100.00,
2019-8-30 00:00:00,11.714,100.00,
2019-8-31 00:00:00,25.905,100.00,
2019-9-1 00:00:00,9.977,100.00,
2019-9-2 00:00:00,14.848,100.00,
2019-9-3 00:00:00,40.519,100.00,
2019-9-4 00:00:00,2.119,100.00,
2019-9-5 00:00:00,10.911,100.00,
2019-9-6 00:00:00,16.991,100.00,
2019-9-7 00:00:00,2.172,100.00,
2019-9-8 00:00:00,5.233,100.00,
2019-9-9 00:00:00,8.455,100.00,
2019-9-10 00:00:00,18.588,100.00,
2019-9-11 00:00:00,29.469,100.00,
2019-9-12 00:00:00,4.150,100.00,
2019-9-13 00:00:00,0,100.00,
2019-9-14 00:00:00,4.737,100.00,
2019-9-15 00:00:00,4.170,100.00,
2019-9-16 00:00:00,23.240,100.00,
2019-9-17 00:00:00,41.856,100.00,
2019-9-18 00:00:00,4.795,100.00,
2019-9-19 00:00:00,0,100.00,
2019-9-20 00:00:00,1.058,100.00,
2019-9-21 00:00:00,22.579,100.00,
2019-9-22 00:00:00,10.816,100.00,
2019-9-23 00:00:00,2.728,100.00,
2019-9-24 00:00:00,12.610,100.00,
2019-9-25 00:00:00,10.074,100.00,
2019-9-26 00:00:00,0.711,100.00,
2019-9-27 00:00:00,3.618,100.00,
2019-9-28 00:00:00,8.168,100.00,
2019-9-29 00:00:00,16.226,100.00,
2019-9-30 00:00:00,0,100.00,
2019-10-1 00:00:00,0,100.00,
2019-10-2 00:00:00,1.019,100.00,
2019-10-3 00:00:00,1.262,100.00,
2019-10-4 00:00:00,0.231,100.00,
2019-10-5 00:00:00,5.134,100.00,
2019-10-6 00:00:00,0.177,100.00,
2019-10-7 00:00:00,0,100.00,
2019-10-8 00:00:00,0,100.00,
2019-10-9 00:00:00,0.325,100.00,
2019-10-10 00:00:00,0,100.00,
2019-10-11 00:00:00,3.754,100.00,
2019-10-12 00:00:00,0,100.00,
2019-10-13 00:00:00,0,100.00,
2019-10-14 00:00:00,0,100.00,
2019-10-15 00:00:00,0,100.00,
2019-10-16 00:00:00,1.916,100.00,
2019-10-17 00:00:00,0,100.00,
2019-10-18 00:00:00,0,100.00,
2019-10-19 00:00:00,0,100.00,
2019-10-20 00:00:00,0.090,100.00,
2019-10-21 00:00:00,2.407,100.00,
2019-10-22 00:00:00,0,100.00,
2019-10-23 00:00:00,0,100.00,
2019-10-24 00:00:00,0.098,100.00,
2019-10-25 00:00:00,2.031,100.00,
2019-10-26 00:00:00,1.399,100.00,
2019-10-27 00:00:00,0,100.00,
2019-10-28 00:00:00,6.466,100.00,
2019-10-29 00:00:00,0,100.00,
2019-10-30 00:00:00,1.591,100.00,
2019-10-31 00:00:00,0.053,100.00,
2019-11-1 00:00:00,0,100.00,
2019-11-2 00:00:00,0,100.00,
2019-11-3 00:00:00,0,100.00,
2019-11-4 00:00:00,0.024,100.00,
2019-11-5 00:00:00,0,100.00,
2019-11-6 00:00:00,0,100.00,
2019-11-7 00:00:00,0.086,100.00,
2019-11-8 00:00:00,0.255,100.00,
2019-11-9 00:00:00,0.114,100.00,
2019-11-10 00:00:00,0,100.00,
2019-11-11 00:00:00,0.100,100.00,
2019-11-12 00:00:00,0.409,100.00,
2019-11-13 00:00:00,0.173,100.00,
2019-11-14 00:00:00,0.591,100.00,
2019-11-15 00:00:00,0.366,100.00,
2019-11-16 00:00:00,0,100.00,
2019-11-17 00:00:00,0,100.00,
2019-11-18 00:00:00,0.021,100.00,
2019-11-19 00:00:00,0,100.00,
2019-11-20 00:00:00,0,100.00,
2019-11-21 00:00:00,0,100.00,
2019-11-22 00:00:00,0.053,100.00,
2019-11-23 00:00:00,0.013,100.00,
2019-11-24 00:00:00,0,100.00,
2019-11-25 00:00:00,0.038,100.00,
2019-11-26 00:00:00,0.043,100.00,
2019-11-27 00:00:00,0,100.00,
2019-11-28 00:00:00,0,100.00,
2019-11-29 00:00:00,0.120,100.00,
2019-11-30 00:00:00,0,100.00,
2019-12-1 00:00:00,0,100.00,
2019-12-2 00:00:00,0,100.00,
2019-12-3 00:00:00,0,100.00,
2019-12-4 00:00:00,0.114,100.00,
2019-12-5 00:00:00,0,100.00,
2019-12-6 00:00:00,0,100.00,
2019-12-7 00:00:00,0,100.00,
2019-12-8 00:00:00,0,100.00,
2019-12-9 00:00:00,0,100.00,
2019-12-10 00:00:00,0,100.00,
2019-12-11 00:00:00,0,100.00,
2019-12-12 00:00:00,14.442,100.00,
2019-12-13 00:00:00,7.579,100.00,
2019-12-14 00:00:00,0,100.00,
2019-12-15 00:00:00,0,100.00,
2019-12-16 00:00:00,0,100.00,
2019-12-17 00:00:00,0,100.00,
2019-12-18 00:00:00,0,100.00,
2019-12-19 00:00:00,0,100.00,
2019-12-20 00:00:00,0.108,100.00,
2019-12-21 00:00:00,0,100.00,
2019-12-22 00:00:00,0,100.00,
2019-12-23 00:00:00,0,100.00,
2019-12-24 00:00:00,0,100.00,
2019-12-25 00:00:00,0,100.00,
2019-12-26 00:00:00,0,100.00,
2019-12-27 00:00:00,0,100.00,
2019-12-28 00:00:00,0,100.00,
2019-12-29 00:00:00,0,100.00,
2019-12-30 00:00:00,0,100.00,
2019-12-31 00:00:00,0.231,100.00,
2020-1-1 00:00:00,5.557,100.00,
2020-1-2 00:00:00,0.439,100.00,
2020-1-3 00:00:00,9.016,100.00,
2020-1-4 00:00:00,0,100.00,
2020-1-5 00:00:00,0,100.00,
2020-1-6 00:00:00,0.551,100.00,
2020-1-7 00:00:00,0,100.00,
2020-1-8 00:00:00,0.847,100.00,
2020-1-9 00:00:00,0,100.00,
2020-1-10 00:00:00,0,100.00,
2020-1-11 00:00:00,1.697,100.00,
2020-1-12 00:00:00,0,100.00,
2020-1-13 00:00:00,0,100.00,
2020-1-14 00:00:00,0.687,100.00,
2020-1-15 00:00:00,0,100.00,
2020-1-16 00:00:00,0,100.00,
2020-1-17 00:00:00,0,100.00,
2020-1-18 00:00:00,0,100.00,
2020-1-19 00:00:00,0,100.00,
2020-1-20 00:00:00,0,100.00,
2020-1-21 00:00:00,0.201,100.00,
2020-1-22 00:00:00,0,100.00,
2020-1-23 00:00:00,0,100.00,
2020-1-24 00:00:00,0.082,100.00,
2020-1-25 00:00:00,0.446,100.00,
2020-1-26 00:00:00,0.080,100.00,
2020-1-27 00:00:00,0,100.00,
2020-1-28 00:00:00,0.079,100.00,
2020-1-29 00:00:00,0,100.00,
2020-1-30 00:00:00,1.033,100.00,
2020-1-31 00:00:00,0,100.00,
2020-2-1 00:00:00,0.054,100.00,
2020-2-2 00:00:00,0,100.00,
2020-2-3 00:00:00,0,100.00,
2020-2-4 00:00:00,0,100.00,
2020-2-5 00:00:00,0,100.00,
2020-2-6 00:00:00,0,100.00,
2020-2-7 00:00:00,0,100.00,
2020-2-8 00:00:00,0,100.00,
2020-2-9 00:00:00,0,100.00,
2020-2-10 00:00:00,0.036,100.00,
2020-2-11 00:00:00,0,100.00,
2020-2-12 00:00:00,0,100.00,
2020-2-13 00:00:00,0,100.00,
2020-2-14 00:00:00,0,100.00,
2020-2-15 00:00:00,0.025,100.00,
2020-2-16 00:00:00,0.271,100.00,
2020-2-17 00:00:00,0.246,100.00,
2020-2-18 00:00:00,0.292,100.00,
2020-2-19 00:00:00,0.030,100.00,
2020-2-20 00:00:00,1.461,100.00,
2020-2-21 00:00:00,11.692,100.00,
2020-2-22 00:00:00,0,100.00,
2020-2-23 00:00:00,0,100.00,
2020-2-24 00:00:00,0.922,100.00,
2020-2-25 00:00:00,4.466,100.00,
2020-2-26 00:00:00,0.014,100.00,
2020-2-27 00:00:00,0,100.00,
2020-2-28 00:00:00,0,100.00,
2020-2-29 00:00:00,0,100.00,
2020-3-1 00:00:00,0,100.00,
2020-3-2 00:00:00,0,100.00,
2020-3-3 00:00:00,0,100.00,
2020-3-4 00:00:00,0,100.00,
2020-3-5 00:00:00,0,100.00,
2020-3-6 00:00:00,0,100.00,
2020-3-7 00:00:00,0,100.00,
2020-3-8 00:00:00,0,100.00,
2020-3-9 00:00:00,0,100.00,
2020-3-10 00:00:00,0,100.00,
2020-3-11 00:00:00,0,100.00,
2020-3-12 00:00:00,0,100.00,
2020-3-13 00:00:00,22.494,100.00,
2020-3-14 00:00:00,10.186,100.00,
2020-3-15 00:00:00,0,100.00,
2020-3-16 00:00:00,0.171,100.00,
2020-3-17 00:00:00,0,100.00,
2020-3-18 00:00:00,0.253,100.00,
2020-3-19 00:00:00,3.919,100.00,
2020-3-20 00:00:00,3.930,100.00,
2020-3-21 00:00:00,6.488,100.00,
2020-3-22 00:00:00,1.744,100.00,
2020-3-23 00:00:00,0,100.00,
2020-3-24 00:00:00,0,100.00,
2020-3-25 00:00:00,0,100.00,
2020-3-26 00:00:00,0,100.00,
2020-3-27 00:00:00,0,100.00,
2020-3-28 00:00:00,0,100.00,
2020-3-29 00:00:00,0,100.00,
2020-3-30 00:00:00,0,100.00,
2020-3-31 00:00:00,1.638,100.00,
2020-4-1 00:00:00,0,100.00,
2020-4-2 00:00:00,0,100.00,
2020-4-3 00:00:00,0,100.00,
2020-4-4 00:00:00,0,100.00,
2020-4-5 00:00:00,0,100.00,
2020-4-6 00:00:00,0,100.00,
2020-4-7 00:00:00,0,100.00,
2020-4-8 00:00:00,1.641,100.00,
2020-4-9 00:00:00,0.301,100.00,
2020-4-10 00:00:00,0,100.00,
2020-4-11 00:00:00,3.768,100.00,
2020-4-12 00:00:00,0.295,100.00,
2020-4-13 00:00:00,6.701,100.00,
2020-4-14 00:00:00,14.411,100.00,
2020-4-15 00:00:00,6.224,100.00,
2020-4-16 00:00:00,3.278,100.00,
2020-4-17 00:00:00,10.088,100.00,
2020-4-18 00:00:00,4.608,100.00,
2020-4-19 00:00:00,12.357,100.00,
2020-4-20 00:00:00,10.806,100.00,
2020-4-21 00:00:00,18.401,100.00,
2020-4-22 00:00:00,0,100.00,
2020-4-23 00:00:00,6.035,100.00,
2020-4-24 00:00:00,1.620,100.00,
2020-4-25 00:00:00,1.318,100.00,
2020-4-26 00:00:00,0.301,100.00,
2020-4-27 00:00:00,0.633,100.00,
2020-4-28 00:00:00,0.130,100.00,
2020-4-29 00:00:00,0.110,100.00,
2020-4-30 00:00:00,3.624,100.00,
2020-5-1 00:00:00,47.268,100.00,
2020-5-2 00:00:00,5.115,100.00,
2020-5-3 00:00:00,0,100.00,
2020-5-4 00:00:00,3.441,100.00,
2020-5-5 00:00:00,0,100.00,
2020-5-6 00:00:00,0.710,100.00,
2020-5-7 00:00:00,1.728,100.00,
2020-5-8 00:00:00,0,100.00,
2020-5-9 00:00:00,0.745,100.00,
2020-5-10 00:00:00,43.983,100.00,
2020-5-11 00:00:00,2.923,100.00,
2020-5-12 00:00:00,0.115,100.00,
2020-5-13 00:00:00,2.033,100.00,
2020-5-14 00:00:00,2.641,100.00,
2020-5-15 00:00:00,2.605,100.00,
2020-5-16 00:00:00,0.270,100.00,
2020-5-17 00:00:00,0,100.00,
2020-5-18 00:00:00,0,100.00,
2020-5-19 00:00:00,7.927,100.00,
2020-5-20 00:00:00,7.067,100.00,
2020-5-21 00:00:00,3.356,100.00,
2020-5-22 00:00:00,5.569,100.00,
2020-5-23 00:00:00,3.022,100.00,
2020-5-24 00:00:00,0.945,100.00,
2020-5-25 00:00:00,0.983,100.00,
2020-5-26 00:00:00,1.827,100.00,
2020-5-27 00:00:00,0,100.00,
2020-5-28 00:00:00,0,100.00,
2020-5-29 00:00:00,0.325,100.00,
2020-5-30 00:00:00,1.707,100.00,
2020-5-31 00:00:00,0,100.00,
2020-6-1 00:00:00,1.071,100.00,
2020-6-2 00:00:00,0.293,100.00,
2020-6-3 00:00:00,0.265,100.00,
2020-6-4 00:00:00,13.757,100.00,
2020-6-5 00:00:00,24.712,100.00,
2020-6-6 00:00:00,0,100.00,
2020-6-7 00:00:00,0,100.00,
2020-6-8 00:00:00,14.492,100.00,
2020-6-9 00:00:00,5.408,100.00,
2020-6-10 00:00:00,3.451,100.00,
2020-6-11 00:00:00,0.410,100.00,
2020-6-12 00:00:00,3.177,100.00,
2020-6-13 00:00:00,0.421,100.00,
2020-6-14 00:00:00,2.115,100.00,
2020-6-15 00:00:00,36.167,100.00,
2020-6-16 00:00:00,8.816,100.00,
2020-6-17 00:00:00,34.588,100.00,
2020-6-18 00:00:00,14.520,100.00,
2020-6-19 00:00:00,5.523,100.00,
2020-6-20 00:00:00,12.073,100.00,
2020-6-21 00:00:00,0,100.00,
2020-6-22 00:00:00,4.468,100.00,
2020-6-23 00:00:00,2.450,100.00,
2020-6-24 00:00:00,11.686,100.00,
2020-6-25 00:00:00,49.696,100.00,
2020-6-26 00:00:00,3.185,100.00,
2020-6-27 00:00:00,22.075,100.00,
2020-6-28 00:00:00,32.410,100.00,
2020-6-29 00:00:00,4.805,100.00,
2020-6-30 00:00:00,0.744,100.00,
2020-7-1 00:00:00,3.440,100.00,
2020-7-2 00:00:00,35.018,100.00,
2020-7-3 00:00:00,5.385,100.00,
2020-7-4 00:00:00,9.624,100.00,
2020-7-5 00:00:00,8.126,100.00,
2020-7-6 00:00:00,14.898,100.00,
2020-7-7 00:00:00,5.456,100.00,
2020-7-8 00:00:00,29.386,100.00,
2020-7-9 00:00:00,33.493,100.00,
2020-7-10 00:00:00,22.198,100.00,
2020-7-11 00:00:00,21.666,100.00,
2020-7-12 00:00:00,33.019,100.00,
2020-7-13 00:00:00,35.304,100.00,
2020-7-14 00:00:00,5.080,100.00,
2020-7-15 00:00:00,3.145,100.00,
2020-7-16 00:00:00,3.917,100.00,
2020-7-17 00:00:00,18.176,100.00,
2020-7-18 00:00:00,26.923,100.00,
2020-7-19 00:00:00,20.547,100.00,
2020-7-20 00:00:00,31.483,100.00,
2020-7-21 00:00:00,23.969,100.00,
2020-7-22 00:00:00,16.907,100.00,
2020-7-23 00:00:00,38.220,100.00,
2020-7-24 00:00:00,5.995,100.00,
2020-7-25 00:00:00,0,100.00,
2020-7-26 00:00:00,11.642,100.00,
2020-7-27 00:00:00,18.419,100.00,
2020-7-28 00:00:00,34.030,100.00,
2020-7-29 00:00:00,1.771,100.00,
2020-7-30 00:00:00,15.335,100.00,
2020-7-31 00:00:00,4.474,100.00,
2020-8-1 00:00:00,8.296,100.00,
2020-8-2 00:00:00,23.862,100.00,
2020-8-3 00:00:00,4.490,100.00,
2020-8-4 00:00:00,29.107,100.00,
2020-8-5 00:00:00,15.504,100.00,
2020-8-6 00:00:00,8.033,100.00,
2020-8-7 00:00:00,1.565,100.00,
2020-8-8 00:00:00,13.034,100.00,
2020-8-9 00:00:00,16.369,100.00,
2020-8-10 00:00:00,11.006,100.00,
2020-8-11 00:00:00,7.349,100.00,
2020-8-12 00:00:00,4.474,100.00,
2020-8-13 00:00:00,7.574,100.00,
2020-8-14 00:00:00,13.159,100.00,
2020-8-15 00:00:00,6.688,100.00,
2020-8-16 00:00:00,4.101,100.00,
2020-8-17 00:00:00,1.620,100.00,
2020-8-18 00:00:00,0.674,100.00,
2020-8-19 00:00:00,2.689,100.00,
2020-8-20 00:00:00,1.573,100.00,
2020-8-21 00:00:00,0,100.00,
2020-8-22 00:00:00,0,100.00,
2020-8-23 00:00:00,11.786,100.00,
2020-8-24 00:00:00,28.075,100.00,
2020-8-25 00:00:00,2.813,100.00,
2020-8-26 00:00:00,13.498,100.00,
2020-8-27 00:00:00,0,100.00,
2020-8-28 00:00:00,0,100.00,
2020-8-29 00:00:00,0.278,100.00,
2020-8-30 00:00:00,0,100.00,
2020-8-31 00:00:00,34.060,100.00,
2020-9-1 00:00:00,32.080,100.00,
2020-9-2 00:00:00,11.629,100.00,
2020-9-3 00:00:00,2.991,100.00,
2020-9-4 00:00:00,0.802,100.00,
2020-9-5 00:00:00,13.416,100.00,
2020-9-6 00:00:00,21.903,100.00,
2020-9-7 00:00:00,21.758,100.00,
2020-9-8 00:00:00,6.688,100.00,
2020-9-9 00:00:00,12.823,100.00,
2020-9-10 00:00:00,7.215,100.00,
2020-9-11 00:00:00,12.263,100.00,
2020-9-12 00:00:00,6.864,100.00,
2020-9-13 00:00:00,9.092,100.00,
2020-9-14 00:00:00,6.775,100.00,
2020-9-15 00:00:00,12.539,100.00,
2020-9-16 00:00:00,4.669,100.00,
2020-9-17 00:00:00,17.656,100.00,
2020-9-18 00:00:00,17.132,100.00,
2020-9-19 00:00:00,1.159,100.00,
2020-9-20 00:00:00,0.380,100.00,
2020-9-21 00:00:00,7.530,100.00,
2020-9-22 00:00:00,6.588,100.00,
2020-9-23 00:00:00,27.904,100.00,
2020-9-24 00:00:00,77.670,100.00,
2020-9-25 00:00:00,4.581,100.00,
2020-9-26 00:00:00,0.192,100.00,
2020-9-27 00:00:00,0,100.00,
2020-9-28 00:00:00,0,100.00,
2020-9-29 00:00:00,0,100.00,
2020-9-30 00:00:00,0,100.00,
2020-10-1 00:00:00,0.411,100.00,
2020-10-2 00:00:00,0.914,100.00,
2020-10-3 00:00:00,8.274,100.00,
2020-10-4 00:00:00,0.706,100.00,
2020-10-5 00:00:00,0,100.00,
2020-10-6 00:00:00,1.481,100.00,
2020-10-7 00:00:00,1.046,100.00,
2020-10-8 00:00:00,0.743,100.00,
2020-10-9 00:00:00,0,100.00,
2020-10-10 00:00:00,0,100.00,
2020-10-11 00:00:00,5.975,100.00,
2020-10-12 00:00:00,0,100.00,
2020-10-13 00:00:00,0,100.00,
2020-10-14 00:00:00,0,100.00,
2020-10-15 00:00:00,0,100.00,
2020-10-16 00:00:00,3.483,100.00,
2020-10-17 00:00:00,0.157,100.00,
2020-10-18 00:00:00,0,100.00,
2020-10-19 00:00:00,0,100.00,
2020-10-20 00:00:00,0,100.00,
2020-10-21 00:00:00,4.323,100.00,
2020-10-22 00:00:00,0.414,100.00,
2020-10-23 00:00:00,0,100.00,
2020-10-24 00:00:00,0,100.00,
2020-10-25 00:00:00,1.351,100.00,
2020-10-26 00:00:00,6.794,100.00,
2020-10-27 00:00:00,0.765,100.00,
2020-10-28 00:00:00,0,100.00,
2020-10-29 00:00:00,1.484,100.00,
2020-10-30 00:00:00,0.120,100.00,
2020-10-31 00:00:00,3.978,100.00,
2020-11-1 00:00:00,0,100.00,
2020-11-2 00:00:00,0,100.00,
2020-11-3 00:00:00,0.075,100.00,
2020-11-4 00:00:00,0,100.00,
2020-11-5 00:00:00,0,100.00,
2020-11-6 00:00:00,0,100.00,
2020-11-7 00:00:00,0,100.00,
2020-11-8 00:00:00,0.019,100.00,
2020-11-9 00:00:00,0.024,100.00,
2020-11-10 00:00:00,0,100.00,
2020-11-11 00:00:00,0,100.00,
2020-11-12 00:00:00,0,100.00,
2020-11-13 00:00:00,0,100.00,
2020-11-14 00:00:00,0,100.00,
2020-11-15 00:00:00,0,100.00,
2020-11-16 00:00:00,0,100.00,
2020-11-17 00:00:00,0,100.00,
2020-11-18 00:00:00,0,100.00,
2020-11-19 00:00:00,0,100.00,
2020-11-20 00:00:00,0,100.00,
2020-11-21 00:00:00,0.023,100.00,
2020-11-22 00:00:00,0,100.00,
2020-11-23 00:00:00,0,100.00,
2020-11-24 00:00:00,0,100.00,
2020-11-25 00:00:00,0,100.00,
2020-11-26 00:00:00,2.507,100.00,
2020-11-27 00:00:00,0.318,100.00,
2020-11-28 00:00:00,0.128,100.00,
2020-11-29 00:00:00,0.213,100.00,
2020-11-30 00:00:00,0,100.00,
2020-12-1 00:00:00,0,100.00,
2020-12-2 00:00:00,0,100.00,
2020-12-3 00:00:00,0,100.00,
2020-12-4 00:00:00,0.835,100.00,
2020-12-5 00:00:00,0,100.00,
2020-12-6 00:00:00,1.254,100.00,
2020-12-7 00:00:00,0,100.00,
2020-12-8 00:00:00,0,100.00,
2020-12-9 00:00:00,0,100.00,
2020-12-10 00:00:00,0.395,100.00,
2020-12-11 00:00:00,1.399,100.00,
2020-12-12 00:00:00,0,100.00,
2020-12-13 00:00:00,0,100.00,
2020-12-14 00:00:00,0,100.00,
2020-12-15 00:00:00,0,100.00,
2020-12-16 00:00:00,0.268,100.00,
2020-12-17 00:00:00,0,100.00,
2020-12-18 00:00:00,0.334,100.00,
2020-12-19 00:00:00,0,100.00,
2020-12-20 00:00:00,0.519,100.00,
2020-12-21 00:00:00,0,100.00,
2020-12-22 00:00:00,0,100.00,
2020-12-23 00:00:00,0,100.00,
2020-12-24 00:00:00,0,100.00,
2020-12-25 00:00:00,0,100.00,
2020-12-26 00:00:00,0,100.00,
2020-12-27 00:00:00,0,100.00,
2020-12-28 00:00:00,0,100.00,
2020-12-29 00:00:00,0.122,100.00,
2020-12-30 00:00:00,0,100.00,
2020-12-31 00:00:00,0,100.00,
2021-1-1 00:00:00,0,100.00,
2021-1-2 00:00:00,0.201,100.00,
2021-1-3 00:00:00,0.179,100.00,
2021-1-4 00:00:00,0,100.00,
2021-1-5 00:00:00,1.002,100.00,
2021-1-6 00:00:00,1.068,100.00,
2021-1-7 00:00:00,1.061,100.00,
2021-1-8 00:00:00,0,100.00,
2021-1-9 00:00:00,0.682,100.00,
2021-1-10 00:00:00,0,100.00,
2021-1-11 00:00:00,0,100.00,
2021-1-12 00:00:00,0,100.00,
2021-1-13 00:00:00,0.398,100.00,
2021-1-14 00:00:00,0,100.00,
2021-1-15 00:00:00,0,100.00,
2021-1-16 00:00:00,0,100.00,
2021-1-17 00:00:00,0,100.00,
2021-1-18 00:00:00,0,100.00,
2021-1-19 00:00:00,0,100.00,
2021-1-20 00:00:00,0,100.00,
2021-1-21 00:00:00,0.547,100.00,
2021-1-22 00:00:00,0,100.00,
2021-1-23 00:00:00,0,100.00,
2021-1-24 00:00:00,0,100.00,
2021-1-25 00:00:00,0,100.00,
2021-1-26 00:00:00,0.124,100.00,
2021-1-27 00:00:00,0,100.00,
2021-1-28 00:00:00,0,100.00,
2021-1-29 00:00:00,0.602,100.00,
2021-1-30 00:00:00,0,100.00,
2021-1-31 00:00:00,1.063,100.00,
2021-2-1 00:00:00,0,100.00,
2021-2-2 00:00:00,0,100.00,
2021-2-3 00:00:00,0,100.00,
2021-2-4 00:00:00,0,100.00,
2021-2-5 00:00:00,0.878,100.00,
2021-2-6 00:00:00,0.473,100.00,
2021-2-7 00:00:00,0,100.00,
2021-2-8 00:00:00,0,100.00,
2021-2-9 00:00:00,0,100.00,
2021-2-10 00:00:00,0.356,100.00,
2021-2-11 00:00:00,0.056,100.00,
2021-2-12 00:00:00,0.036,100.00,
2021-2-13 00:00:00,0,100.00,
2021-2-14 00:00:00,0.231,100.00,
2021-2-15 00:00:00,0.428,100.00,
2021-2-16 00:00:00,0,100.00,
2021-2-17 00:00:00,0.216,100.00,
2021-2-18 00:00:00,1.202,100.00,
2021-2-19 00:00:00,0,100.00,
2021-2-20 00:00:00,0,100.00,
2021-2-21 00:00:00,0,100.00,
2021-2-22 00:00:00,0,100.00,
2021-2-23 00:00:00,0,100.00,
2021-2-24 00:00:00,0.854,100.00,
2021-2-25 00:00:00,0,100.00,
2021-2-26 00:00:00,0,100.00,
2021-2-27 00:00:00,0,100.00,
2021-2-28 00:00:00,0,100.00,
2021-3-1 00:00:00,0,100.00,
2021-3-2 00:00:00,0,100.00,
2021-3-3 00:00:00,0.353,100.00,
2021-3-4 00:00:00,0.120,100.00,
2021-3-5 00:00:00,1.194,100.00,
2021-3-6 00:00:00,0,100.00,
2021-3-7 00:00:00,0,100.00,
2021-3-8 00:00:00,0,100.00,
2021-3-9 00:00:00,0,100.00,
2021-3-10 00:00:00,0.282,100.00,
2021-3-11 00:00:00,0,100.00,
2021-3-12 00:00:00,0.075,100.00,
2021-3-13 00:00:00,6.467,100.00,
2021-3-14 00:00:00,0,100.00,
2021-3-15 00:00:00,0,100.00,
2021-3-16 00:00:00,0.655,100.00,
2021-3-17 00:00:00,0.124,100.00,
2021-3-18 00:00:00,1.145,100.00,
2021-3-19 00:00:00,0,100.00,
2021-3-20 00:00:00,0.384,100.00,
2021-3-21 00:00:00,0,100.00,
2021-3-22 00:00:00,0,100.00,
2021-3-23 00:00:00,0,100.00,
2021-3-24 00:00:00,0.071,100.00,
2021-3-25 00:00:00,0,100.00,
2021-3-26 00:00:00,0.616,100.00,
2021-3-27 00:00:00,0,100.00,
2021-3-28 00:00:00,0,100.00,
2021-3-29 00:00:00,0,100.00,
2021-3-30 00:00:00,0.751,100.00,
2021-3-31 00:00:00,0.141,100.00,
2021-4-1 00:00:00,0,100.00,
2021-4-2 00:00:00,0,100.00,
2021-4-3 00:00:00,0,100.00,
2021-4-4 00:00:00,0,100.00,
2021-4-5 00:00:00,0,100.00,
2021-4-6 00:00:00,0,100.00,
2021-4-7 00:00:00,0,100.00,
2021-4-8 00:00:00,0.270,100.00,
2021-4-9 00:00:00,1.242,100.00,
2021-4-10 00:00:00,0,100.00,
2021-4-11 00:00:00,0,100.00,
2021-4-12 00:00:00,0,100.00,
2021-4-13 00:00:00,0.220,100.00,
2021-4-14 00:00:00,0,100.00,
2021-4-15 00:00:00,5.658,100.00,
2021-4-16 00:00:00,9.031,100.00,
2021-4-17 00:00:00,0.529,100.00,
2021-4-18 00:00:00,0.091,100.00,
2021-4-19 00:00:00,0,100.00,
2021-4-20 00:00:00,0,100.00,
2021-4-21 00:00:00,10.544,100.00,
2021-4-22 00:00:00,6.410,100.00,
2021-4-23 00:00:00,0,100.00,
2021-4-24 00:00:00,0,100.00,
2021-4-25 00:00:00,0,100.00,
2021-4-26 00:00:00,0,100.00,
2021-4-27 00:00:00,0,100.00,
2021-4-28 00:00:00,0,100.00,
2021-4-29 00:00:00,2.261,100.00,
2021-4-30 00:00:00,0.465,100.00,
2021-5-1 00:00:00,5.078,100.00,
2021-5-2 00:00:00,15.890,100.00,
2021-5-3 00:00:00,3.356,100.00,
2021-5-4 00:00:00,7.015,100.00,
2021-5-5 00:00:00,0.078,100.00,
2021-5-6 00:00:00,0.126,100.00,
2021-5-7 00:00:00,24.278,100.00,
2021-5-8 00:00:00,1.174,100.00,
2021-5-9 00:00:00,4.819,100.00,
2021-5-10 00:00:00,5.869,100.00,
2021-5-11 00:00:00,11.116,100.00,
2021-5-12 00:00:00,6.024,100.00,
2021-5-13 00:00:00,0,100.00,
2021-5-14 00:00:00,0,100.00,
2021-5-15 00:00:00,0,100.00,
2021-5-16 00:00:00,0,100.00,
2021-5-17 00:00:00,0,100.00,
2021-5-18 00:00:00,0,100.00,
2021-5-19 00:00:00,0,100.00,
2021-5-20 00:00:00,0.845,100.00,
2021-5-21 00:00:00,0,100.00,
2021-5-22 00:00:00,0,100.00,
2021-5-23 00:00:00,0,100.00,
2021-5-24 00:00:00,0,100.00,
2021-5-25 00:00:00,1.111,100.00,
2021-5-26 00:00:00,0,100.00,
2021-5-27 00:00:00,27.207,100.00,
2021-5-28 00:00:00,90.186,100.00,
2021-5-29 00:00:00,0,100.00,
2021-5-30 00:00:00,0,100.00,
