Date,Soil moisture profile - USDA SMAP: avg, Soil moisture profile - USDA SMAP: avg Percent of AOI with data,Sub surface soil moisture - USDA SMAP: avg, Sub surface soil moisture - USDA SMAP: avg Percent of AOI with data,Sub surface soil moisture anomaly - USDA SMAP: avg, Sub surface soil moisture anomaly - USDA SMAP: avg Percent of AOI with data,Surface soil moisture - USDA SMAP: avg, Surface soil moisture - USDA SMAP: avg Percent of AOI with data,Surface soil moisture anomaly  - USDA SMAP: avg, Surface soil moisture anomaly  - USDA SMAP: avg Percent of AOI with data
2015-4-3 00:00:00,28.250,100.00,26.203,100.00,0.131,100.00,7.168,100.00,-0.082,100.00,
2015-4-6 00:00:00,26.090,100.00,24.671,100.00,-0.064,100.00,5.784,100.00,-0.348,100.00,
2015-4-9 00:00:00,22.780,100.00,21.525,100.00,-0.325,100.00,5.081,100.00,-0.499,100.00,
2015-4-12 00:00:00,21.450,100.00,19.293,100.00,-0.499,100.00,5.697,100.00,-0.451,100.00,
2015-4-15 00:00:00,22.290,100.00,20.244,100.00,-0.508,100.00,5.641,100.00,-0.497,100.00,
2015-4-18 00:00:00,29.730,100.00,26.466,100.00,-0.323,100.00,9.242,100.00,-0.021,100.00,
2015-4-21 00:00:00,30.630,100.00,28.982,100.00,-0.280,100.00,7.985,100.00,-0.266,100.00,
2015-4-24 00:00:00,33.720,100.00,31.522,100.00,-0.169,100.00,10.330,100.00,0.310,100.00,
2015-4-27 00:00:00,38.840,100.00,40.237,100.00,0.348,100.00,9.663,100.00,0.116,100.00,
2015-4-30 00:00:00,37.230,100.00,39.002,100.00,0.224,100.00,8.771,100.00,-0.081,100.00,
2015-5-3 00:00:00,33.560,100.00,35.740,100.00,0.011,100.00,7.300,100.00,-0.333,100.00,
2015-5-6 00:00:00,29.110,100.00,31.039,100.00,-0.244,100.00,6.358,100.00,-0.499,100.00,
2015-5-9 00:00:00,28.300,100.00,29.567,100.00,-0.350,100.00,6.978,100.00,-0.404,100.00,
2015-5-12 00:00:00,27.830,100.00,29.608,100.00,-0.369,100.00,6.611,100.00,-0.461,100.00,
2015-5-15 00:00:00,25.000,100.00,27.161,100.00,-0.494,100.00,5.490,100.00,-0.684,100.00,
2015-5-18 00:00:00,24.740,100.00,26.173,100.00,-0.571,100.00,6.399,100.00,-0.540,100.00,
2015-5-21 00:00:00,24.050,100.00,26.376,100.00,-0.569,100.00,5.548,100.00,-0.676,100.00,
2015-5-24 00:00:00,21.680,100.00,23.906,100.00,-0.722,100.00,4.946,100.00,-0.823,100.00,
2015-5-27 00:00:00,22.940,100.00,24.247,100.00,-0.737,100.00,6.059,100.00,-0.642,100.00,
2015-5-30 00:00:00,23.150,100.00,24.694,100.00,-0.744,100.00,5.927,100.00,-0.689,100.00,
2015-6-2 00:00:00,21.140,100.00,23.506,100.00,-0.809,100.00,4.636,100.00,-0.953,100.00,
2015-6-5 00:00:00,19.630,100.00,21.751,100.00,-0.909,100.00,4.711,100.00,-0.964,100.00,
2015-6-8 00:00:00,18.010,100.00,20.478,100.00,-1.017,100.00,3.975,100.00,-1.260,100.00,
2015-6-11 00:00:00,22.090,100.00,22.445,100.00,-0.960,100.00,7.401,100.00,-0.675,100.00,
2015-6-14 00:00:00,25.490,100.00,26.985,100.00,-0.841,100.00,7.188,100.00,-0.806,100.00,
2015-6-17 00:00:00,27.260,100.00,29.112,100.00,-0.849,100.00,7.490,100.00,-0.837,100.00,
2015-6-20 00:00:00,28.640,100.00,30.810,100.00,-0.886,100.00,7.804,100.00,-0.943,100.00,
2015-6-23 00:00:00,29.980,100.00,32.349,100.00,-0.957,100.00,8.009,100.00,-1.048,100.00,
2015-6-26 00:00:00,34.890,100.00,35.139,100.00,-1.012,100.00,11.376,100.00,-0.815,100.00,
2015-6-29 00:00:00,42.220,100.00,42.736,100.00,-0.902,100.00,12.507,100.00,-0.805,100.00,
2015-7-2 00:00:00,45.740,100.00,47.094,100.00,-0.978,100.00,13.413,100.00,-0.976,100.00,
2015-7-5 00:00:00,52.520,100.00,53.032,100.00,-0.996,100.00,16.369,100.00,-0.678,100.00,
2015-7-8 00:00:00,62.820,100.00,64.930,100.00,-0.794,100.00,18.241,100.00,-0.544,100.00,
2015-7-11 00:00:00,73.370,100.00,76.042,100.00,-0.515,100.00,20.507,100.00,-0.381,100.00,
2015-7-14 00:00:00,75.840,100.00,79.901,100.00,-0.767,100.00,19.674,100.00,-0.875,100.00,
2015-7-17 00:00:00,83.240,97.56,87.271,97.56,-0.289,100.00,21.726,100.00,-0.223,100.00,
2015-7-20 00:00:00,82.120,97.56,87.223,97.56,-0.353,100.00,20.172,100.00,-0.636,100.00,
2015-7-23 00:00:00,81.370,97.56,85.648,97.56,-0.614,100.00,20.877,100.00,-0.532,100.00,
2015-7-26 00:00:00,80.880,100.00,86.478,100.00,-0.867,100.00,19.749,100.00,-1.057,100.00,
2015-7-29 00:00:00,79.190,100.00,84.067,100.00,-0.970,100.00,19.522,100.00,-0.884,100.00,
2015-8-1 00:00:00,78.930,100.00,83.634,100.00,-0.858,100.00,19.427,100.00,-0.820,100.00,
2015-8-4 00:00:00,76.470,100.00,80.868,100.00,-1.381,100.00,18.493,100.00,-1.227,100.00,
2015-8-7 00:00:00,76.480,100.00,80.106,100.00,-0.921,100.00,19.063,100.00,-0.864,100.00,
2015-8-10 00:00:00,76.770,100.00,79.692,100.00,-1.002,100.00,20.102,100.00,-0.684,100.00,
2015-8-13 00:00:00,76.780,100.00,80.943,100.00,-1.056,100.00,19.076,100.00,-0.940,100.00,
2015-8-16 00:00:00,77.170,97.56,80.257,97.56,-0.912,100.00,20.088,100.00,-0.572,100.00,
2015-8-19 00:00:00,79.480,100.00,83.075,100.00,-0.611,100.00,20.906,100.00,-0.252,100.00,
2015-8-22 00:00:00,81.030,100.00,85.864,100.00,-0.371,100.00,20.441,100.00,-0.332,100.00,
2015-8-25 00:00:00,78.590,100.00,83.653,100.00,-0.547,100.00,19.395,100.00,-0.577,100.00,
2015-8-28 00:00:00,81.470,100.00,86.106,100.00,-0.321,100.00,21.286,100.00,-0.108,100.00,
2015-8-31 00:00:00,79.970,100.00,86.852,100.00,-0.356,100.00,19.449,100.00,-0.560,100.00,
2015-9-3 00:00:00,73.930,100.00,82.190,100.00,-0.759,100.00,16.623,100.00,-1.249,100.00,
2015-9-6 00:00:00,66.760,100.00,75.322,100.00,-1.573,100.00,14.353,100.00,-2.190,100.00,
2015-9-9 00:00:00,60.230,100.00,68.112,100.00,-2.209,100.00,13.128,100.00,-2.354,100.00,
2015-9-12 00:00:00,60.500,100.00,65.887,100.00,-1.931,100.00,15.793,100.00,-1.246,100.00,
2015-9-15 00:00:00,57.730,100.00,64.714,100.00,-1.812,100.00,13.319,100.00,-1.734,100.00,
2015-9-18 00:00:00,54.730,100.00,61.160,100.00,-1.800,100.00,13.092,100.00,-1.516,100.00,
2015-9-21 00:00:00,56.470,100.00,61.189,100.00,-1.521,100.00,15.431,100.00,-0.914,100.00,
2015-9-24 00:00:00,57.260,100.00,63.753,100.00,-1.222,100.00,14.101,100.00,-1.069,100.00,
2015-9-27 00:00:00,52.280,100.00,59.942,100.00,-1.339,100.00,11.323,100.00,-1.628,100.00,
2015-9-30 00:00:00,46.680,100.00,53.835,100.00,-1.597,100.00,10.024,100.00,-1.765,100.00,
2015-10-3 00:00:00,41.560,100.00,48.280,100.00,-1.772,100.00,8.808,100.00,-1.861,100.00,
2015-10-6 00:00:00,36.770,100.00,42.930,100.00,-1.909,100.00,7.742,100.00,-1.915,100.00,
2015-10-9 00:00:00,32.340,100.00,37.859,100.00,-1.989,100.00,6.841,100.00,-1.903,100.00,
2015-10-12 00:00:00,33.410,100.00,36.594,100.00,-1.766,100.00,9.229,100.00,-1.109,100.00,
2015-10-15 00:00:00,35.240,100.00,39.533,100.00,-1.311,100.00,8.653,100.00,-1.116,100.00,
2015-10-18 00:00:00,32.480,100.00,37.194,100.00,-1.284,100.00,7.341,100.00,-1.280,100.00,
2015-10-21 00:00:00,29.980,100.00,34.395,100.00,-1.295,100.00,6.839,100.00,-1.272,100.00,
2015-10-24 00:00:00,27.420,100.00,31.641,100.00,-1.311,100.00,6.107,100.00,-1.342,100.00,
2015-10-27 00:00:00,25.120,100.00,28.947,100.00,-1.336,100.00,5.621,100.00,-1.357,100.00,
2015-10-30 00:00:00,29.170,100.00,29.908,100.00,-1.103,100.00,8.357,100.00,-0.591,100.00,
2015-11-2 00:00:00,26.820,100.00,29.089,100.00,-0.983,100.00,6.078,100.00,-0.990,100.00,
2015-11-5 00:00:00,24.660,100.00,26.714,100.00,-0.981,100.00,5.614,100.00,-0.976,100.00,
2015-11-8 00:00:00,22.730,100.00,24.618,100.00,-0.976,100.00,5.209,100.00,-0.973,100.00,
2015-11-11 00:00:00,21.010,100.00,22.768,100.00,-0.972,100.00,4.834,100.00,-0.970,100.00,
2015-11-14 00:00:00,19.560,100.00,21.164,100.00,-0.966,100.00,4.540,100.00,-0.939,100.00,
2015-11-17 00:00:00,18.580,100.00,19.994,100.00,-0.924,100.00,4.442,100.00,-0.872,100.00,
2015-11-20 00:00:00,17.450,100.00,18.944,100.00,-0.899,100.00,4.046,100.00,-0.909,100.00,
2015-11-23 00:00:00,16.380,100.00,17.814,100.00,-0.905,100.00,3.826,100.00,-0.906,100.00,
2015-11-26 00:00:00,15.540,100.00,16.876,100.00,-0.910,100.00,3.687,100.00,-0.890,100.00,
2015-11-29 00:00:00,14.960,100.00,16.232,100.00,-0.891,100.00,3.563,100.00,-0.790,100.00,
2015-12-2 00:00:00,14.300,100.00,15.543,100.00,-0.874,100.00,3.392,100.00,-0.781,100.00,
2015-12-5 00:00:00,13.760,100.00,14.946,100.00,-0.859,100.00,3.289,100.00,-0.750,100.00,
2015-12-8 00:00:00,13.410,100.00,14.543,100.00,-0.828,100.00,3.260,100.00,-0.697,100.00,
2015-12-11 00:00:00,13.070,100.00,14.215,100.00,-0.792,100.00,3.135,100.00,-0.689,100.00,
2015-12-14 00:00:00,12.760,100.00,13.814,100.00,-0.766,100.00,3.068,100.00,-0.667,100.00,
2015-12-17 00:00:00,12.490,100.00,13.452,100.00,-0.741,100.00,3.016,100.00,-0.648,100.00,
2015-12-20 00:00:00,12.260,100.00,13.115,100.00,-0.717,100.00,2.965,100.00,-0.596,100.00,
2015-12-23 00:00:00,12.080,100.00,12.810,100.00,-0.692,100.00,2.917,100.00,-0.597,100.00,
2015-12-26 00:00:00,11.810,100.00,12.482,100.00,-0.682,100.00,2.831,100.00,-0.608,100.00,
2015-12-29 00:00:00,11.430,100.00,12.042,100.00,-0.689,100.00,2.728,100.00,-0.639,100.00,
2016-1-4 00:00:00,11.150,100.00,11.633,100.00,-0.666,100.00,2.716,100.00,-0.600,100.00,
2016-1-7 00:00:00,11.030,100.00,11.510,100.00,-0.653,100.00,2.694,100.00,-0.596,100.00,
2016-1-10 00:00:00,10.990,100.00,11.452,100.00,-0.643,100.00,2.683,100.00,-0.602,100.00,
2016-1-13 00:00:00,10.850,100.00,11.327,100.00,-0.651,100.00,2.651,100.00,-0.620,100.00,
2016-1-16 00:00:00,10.700,100.00,11.185,100.00,-0.665,100.00,2.618,100.00,-0.633,100.00,
2016-1-19 00:00:00,12.310,100.00,11.626,100.00,-0.637,100.00,4.010,100.00,-0.274,100.00,
2016-1-22 00:00:00,13.240,100.00,13.559,100.00,-0.492,100.00,3.277,100.00,-0.482,100.00,
2016-1-25 00:00:00,12.770,100.00,13.156,100.00,-0.514,100.00,3.118,100.00,-0.517,100.00,
2016-1-28 00:00:00,12.380,100.00,12.798,100.00,-0.544,100.00,2.991,100.00,-0.552,100.00,
2016-1-31 00:00:00,11.870,100.00,12.292,100.00,-0.588,100.00,2.846,100.00,-0.595,100.00,
2016-2-3 00:00:00,11.590,100.00,11.976,100.00,-0.624,100.00,2.774,100.00,-0.631,100.00,
2016-2-6 00:00:00,11.170,100.00,11.571,100.00,-0.671,100.00,2.665,100.00,-0.669,100.00,
2016-2-9 00:00:00,12.290,100.00,11.896,100.00,-0.671,100.00,3.288,100.00,-0.575,100.00,
2016-2-12 00:00:00,11.740,100.00,11.714,100.00,-0.695,100.00,2.811,100.00,-0.644,100.00,
2016-2-15 00:00:00,11.180,100.00,11.193,100.00,-0.730,100.00,2.667,100.00,-0.672,100.00,
2016-2-18 00:00:00,10.690,100.00,10.752,100.00,-0.762,100.00,2.548,100.00,-0.708,100.00,
2016-2-21 00:00:00,11.100,100.00,10.714,100.00,-0.777,100.00,2.846,100.00,-0.679,100.00,
2016-2-24 00:00:00,10.660,100.00,10.542,100.00,-0.803,100.00,2.580,100.00,-0.749,100.00,
2016-2-27 00:00:00,10.410,100.00,10.316,100.00,-0.839,100.00,2.577,100.00,-0.764,100.00,
2016-3-1 00:00:00,10.440,100.00,10.331,100.00,-0.856,100.00,2.557,100.00,-0.791,100.00,
2016-3-4 00:00:00,10.250,100.00,10.168,100.00,-0.887,100.00,2.486,100.00,-0.815,100.00,
2016-3-7 00:00:00,10.100,100.00,10.058,100.00,-0.913,100.00,2.460,100.00,-0.828,100.00,
2016-3-10 00:00:00,9.880,100.00,9.931,100.00,-0.931,100.00,2.395,100.00,-0.837,100.00,
2016-3-13 00:00:00,9.900,100.00,9.815,100.00,-0.943,100.00,2.577,100.00,-0.815,100.00,
2016-3-16 00:00:00,10.000,100.00,10.110,100.00,-0.926,100.00,2.418,100.00,-0.859,100.00,
2016-3-19 00:00:00,9.630,100.00,9.805,100.00,-0.960,100.00,2.340,100.00,-0.879,100.00,
2016-3-22 00:00:00,9.340,100.00,9.597,100.00,-0.988,100.00,2.268,100.00,-0.890,100.00,
2016-3-25 00:00:00,9.010,100.00,9.390,100.00,-1.020,100.00,2.162,100.00,-0.929,100.00,
2016-3-28 00:00:00,9.260,100.00,9.423,100.00,-1.009,100.00,2.368,100.00,-0.869,100.00,
2016-3-31 00:00:00,9.720,100.00,9.813,100.00,-0.968,100.00,2.656,100.00,-0.808,100.00,
2016-4-3 00:00:00,10.070,100.00,10.262,100.00,-0.936,100.00,2.747,100.00,-0.806,100.00,
2016-4-6 00:00:00,10.160,100.00,10.710,100.00,-0.927,100.00,2.394,100.00,-0.867,100.00,
2016-4-9 00:00:00,9.620,100.00,10.167,100.00,-0.956,100.00,2.257,100.00,-0.909,100.00,
2016-4-12 00:00:00,9.140,100.00,9.678,100.00,-0.989,100.00,2.153,100.00,-0.945,100.00,
2016-4-15 00:00:00,8.820,100.00,9.335,100.00,-1.023,100.00,2.100,100.00,-0.973,100.00,
2016-4-18 00:00:00,9.820,100.00,9.895,100.00,-1.022,100.00,2.825,100.00,-0.902,100.00,
2016-4-21 00:00:00,9.600,100.00,10.108,100.00,-1.040,100.00,2.300,100.00,-0.991,100.00,
2016-4-24 00:00:00,9.290,100.00,9.798,100.00,-1.069,100.00,2.185,100.00,-1.030,100.00,
2016-4-27 00:00:00,8.780,100.00,9.295,100.00,-1.116,100.00,2.072,100.00,-1.075,100.00,
2016-4-30 00:00:00,8.500,100.00,8.983,100.00,-1.163,100.00,2.036,100.00,-1.119,100.00,
2016-5-3 00:00:00,9.010,100.00,9.017,100.00,-1.200,100.00,2.792,100.00,-1.024,100.00,
2016-5-6 00:00:00,11.060,100.00,11.363,100.00,-1.138,100.00,3.448,100.00,-0.947,100.00,
2016-5-9 00:00:00,13.600,100.00,13.235,100.00,-1.086,100.00,4.959,100.00,-0.737,100.00,
2016-5-12 00:00:00,18.290,100.00,18.805,100.00,-0.886,100.00,5.885,100.00,-0.586,100.00,
2016-5-15 00:00:00,22.640,100.00,24.309,100.00,-0.676,100.00,6.352,100.00,-0.536,100.00,
2016-5-18 00:00:00,22.410,100.00,24.805,100.00,-0.667,100.00,5.531,100.00,-0.687,100.00,
2016-5-21 00:00:00,24.280,100.00,26.084,100.00,-0.601,100.00,6.876,100.00,-0.380,100.00,
2016-5-24 00:00:00,24.890,100.00,27.275,100.00,-0.574,100.00,6.498,100.00,-0.549,100.00,
2016-5-27 00:00:00,24.780,100.00,27.121,100.00,-0.617,100.00,6.404,100.00,-0.586,100.00,
2016-5-30 00:00:00,25.420,100.00,27.664,100.00,-0.624,100.00,6.478,100.00,-0.591,100.00,
2016-6-2 00:00:00,25.910,100.00,27.777,100.00,-0.628,100.00,6.713,100.00,-0.603,100.00,
2016-6-5 00:00:00,27.680,100.00,29.152,100.00,-0.606,100.00,7.810,100.00,-0.472,100.00,
2016-6-8 00:00:00,29.120,100.00,31.756,100.00,-0.549,100.00,7.559,100.00,-0.581,100.00,
2016-6-11 00:00:00,27.610,100.00,30.850,100.00,-0.646,100.00,6.666,100.00,-0.790,100.00,
2016-6-14 00:00:00,31.650,100.00,32.115,100.00,-0.672,100.00,10.532,100.00,-0.379,100.00,
2016-6-17 00:00:00,38.580,100.00,39.657,100.00,-0.492,100.00,10.787,100.00,-0.460,100.00,
2016-6-20 00:00:00,44.410,100.00,43.379,100.00,-0.466,100.00,14.183,100.00,-0.165,100.00,
2016-6-23 00:00:00,55.380,100.00,56.061,100.00,-0.210,100.00,16.670,100.00,0.018,100.00,
2016-6-26 00:00:00,59.510,100.00,61.551,100.00,-0.177,100.00,16.252,100.00,-0.168,100.00,
2016-6-29 00:00:00,63.960,100.00,66.056,100.00,-0.173,100.00,17.361,100.00,-0.151,100.00,
2016-7-2 00:00:00,80.240,97.56,83.947,97.56,0.165,100.00,22.342,100.00,0.350,100.00,
2016-7-5 00:00:00,82.800,100.00,88.681,100.00,0.183,100.00,20.905,100.00,0.080,100.00,
2016-7-8 00:00:00,83.990,100.00,89.484,100.00,0.073,100.00,21.254,100.00,0.021,100.00,
2016-7-11 00:00:00,85.010,97.56,89.761,97.56,0.088,100.00,21.716,100.00,0.029,100.00,
2016-7-14 00:00:00,86.090,97.56,90.607,97.56,0.041,100.00,22.376,100.00,0.072,100.00,
2016-7-17 00:00:00,90.570,97.56,95.421,97.56,0.146,100.00,24.306,100.00,0.347,100.00,
2016-7-20 00:00:00,93.060,95.12,99.380,95.12,0.225,100.00,24.046,100.00,0.289,100.00,
2016-7-23 00:00:00,94.510,97.56,101.833,97.56,0.261,100.00,24.121,100.00,0.287,100.00,
2016-7-26 00:00:00,96.180,97.56,103.531,97.56,0.347,100.00,24.757,100.00,0.410,100.00,
2016-7-29 00:00:00,97.840,97.56,105.776,97.56,0.430,100.00,24.926,100.00,0.452,100.00,
2016-8-1 00:00:00,96.650,100.00,105.765,100.00,0.296,100.00,23.708,100.00,0.051,100.00,
2016-8-4 00:00:00,93.180,100.00,102.294,100.00,-0.153,100.00,22.281,100.00,-0.336,100.00,
2016-8-7 00:00:00,91.490,100.00,99.786,100.00,-0.099,100.00,22.190,100.00,-0.190,100.00,
2016-8-10 00:00:00,90.010,97.56,97.674,97.56,-0.234,100.00,22.107,100.00,-0.490,100.00,
2016-8-13 00:00:00,88.780,100.00,96.635,100.00,-0.656,100.00,21.834,100.00,-0.355,100.00,
2016-8-16 00:00:00,87.400,100.00,95.113,100.00,-0.387,100.00,21.076,100.00,-0.395,100.00,
2016-8-19 00:00:00,85.530,100.00,93.334,100.00,-0.420,100.00,20.198,100.00,-0.957,100.00,
2016-8-22 00:00:00,84.350,100.00,90.853,100.00,-0.499,100.00,20.666,100.00,-0.527,100.00,
2016-8-25 00:00:00,80.540,100.00,87.531,100.00,-0.793,100.00,18.455,100.00,-1.071,100.00,
2016-8-28 00:00:00,74.220,100.00,81.168,100.00,-1.401,100.00,16.693,100.00,-1.818,100.00,
2016-8-31 00:00:00,75.470,100.00,80.180,100.00,-1.193,100.00,20.172,100.00,-0.412,100.00,
2016-9-3 00:00:00,82.560,97.56,87.762,97.56,-0.389,100.00,22.678,100.00,0.173,100.00,
2016-9-6 00:00:00,83.660,100.00,91.391,100.00,-0.173,100.00,20.469,100.00,-0.259,100.00,
2016-9-9 00:00:00,82.400,100.00,89.974,100.00,-0.288,100.00,20.393,100.00,-0.430,100.00,
2016-9-12 00:00:00,87.520,100.00,94.345,100.00,0.085,100.00,22.862,100.00,0.299,100.00,
2016-9-15 00:00:00,86.150,100.00,94.437,100.00,0.090,100.00,21.423,100.00,0.039,100.00,
2016-9-18 00:00:00,86.000,97.56,94.558,97.56,0.123,100.00,21.673,100.00,0.156,100.00,
2016-9-21 00:00:00,86.810,100.00,95.825,100.00,0.191,100.00,21.855,100.00,0.227,100.00,
2016-9-24 00:00:00,86.050,100.00,95.168,100.00,0.191,100.00,21.436,100.00,0.209,100.00,
2016-9-27 00:00:00,86.360,100.00,95.588,100.00,0.254,100.00,21.513,100.00,0.293,100.00,
2016-9-30 00:00:00,86.000,100.00,95.138,100.00,0.323,100.00,20.994,100.00,0.302,100.00,
2016-10-3 00:00:00,85.970,100.00,95.037,100.00,0.401,100.00,21.211,100.00,0.456,100.00,
2016-10-6 00:00:00,82.430,100.00,91.887,100.00,0.367,100.00,19.626,100.00,0.282,100.00,
2016-10-9 00:00:00,83.090,100.00,91.851,100.00,0.473,100.00,20.889,100.00,0.634,100.00,
2016-10-12 00:00:00,77.850,100.00,88.501,100.00,0.451,100.00,17.518,100.00,0.239,100.00,
2016-10-15 00:00:00,72.960,100.00,82.785,100.00,0.363,100.00,16.739,100.00,0.236,100.00,
2016-10-18 00:00:00,66.710,100.00,76.626,100.00,0.245,100.00,14.580,100.00,-0.012,100.00,
2016-10-21 00:00:00,61.320,100.00,70.132,100.00,0.125,100.00,13.776,100.00,0.017,100.00,
2016-10-24 00:00:00,56.260,100.00,64.719,100.00,0.057,100.00,12.360,100.00,-0.097,100.00,
2016-10-27 00:00:00,51.100,100.00,58.871,100.00,-0.033,100.00,11.236,100.00,-0.156,100.00,
2016-10-30 00:00:00,46.270,100.00,53.375,100.00,-0.109,100.00,10.158,100.00,-0.215,100.00,
2016-11-2 00:00:00,42.050,100.00,48.446,100.00,-0.168,100.00,9.314,100.00,-0.249,100.00,
2016-11-5 00:00:00,38.370,100.00,44.131,100.00,-0.215,100.00,8.568,100.00,-0.278,100.00,
2016-11-8 00:00:00,35.150,100.00,40.373,100.00,-0.249,100.00,7.893,100.00,-0.296,100.00,
2016-11-11 00:00:00,32.340,100.00,37.010,100.00,-0.276,100.00,7.346,100.00,-0.298,100.00,
2016-11-14 00:00:00,29.740,100.00,33.991,100.00,-0.297,100.00,6.732,100.00,-0.324,100.00,
2016-11-17 00:00:00,27.330,100.00,31.164,100.00,-0.317,100.00,6.211,100.00,-0.345,100.00,
2016-11-20 00:00:00,25.180,100.00,28.634,100.00,-0.339,100.00,5.755,100.00,-0.363,100.00,
2016-11-23 00:00:00,23.250,100.00,26.379,100.00,-0.368,100.00,5.348,100.00,-0.386,100.00,
2016-11-26 00:00:00,21.550,100.00,24.400,100.00,-0.401,100.00,4.977,100.00,-0.418,100.00,
2016-11-29 00:00:00,20.080,100.00,22.634,100.00,-0.417,100.00,4.676,100.00,-0.422,100.00,
2016-12-2 00:00:00,19.090,100.00,21.276,100.00,-0.435,100.00,4.507,100.00,-0.417,100.00,
2016-12-5 00:00:00,17.890,100.00,19.961,100.00,-0.468,100.00,4.144,100.00,-0.484,100.00,
2016-12-8 00:00:00,16.640,100.00,18.455,100.00,-0.527,100.00,3.862,100.00,-0.527,100.00,
2016-12-11 00:00:00,15.610,100.00,17.219,100.00,-0.570,100.00,3.656,100.00,-0.551,100.00,
2016-12-14 00:00:00,14.700,100.00,16.151,100.00,-0.606,100.00,3.456,100.00,-0.573,100.00,
2016-12-17 00:00:00,13.870,100.00,15.191,100.00,-0.636,100.00,3.258,100.00,-0.601,100.00,
2016-12-20 00:00:00,13.110,100.00,14.316,100.00,-0.667,100.00,3.098,100.00,-0.580,100.00,
2016-12-23 00:00:00,12.490,100.00,13.565,100.00,-0.685,100.00,2.965,100.00,-0.603,100.00,
2016-12-26 00:00:00,12.820,100.00,13.588,100.00,-0.644,100.00,3.407,100.00,-0.458,100.00,
2016-12-29 00:00:00,12.340,100.00,13.385,100.00,-0.626,100.00,2.954,100.00,-0.581,100.00,
2017-1-4 00:00:00,12.430,100.00,13.441,100.00,-0.552,100.00,3.013,100.00,-0.519,100.00,
2017-1-7 00:00:00,12.110,100.00,13.109,100.00,-0.555,100.00,2.917,100.00,-0.535,100.00,
2017-1-10 00:00:00,12.000,100.00,12.820,100.00,-0.566,100.00,2.923,100.00,-0.548,100.00,
2017-1-13 00:00:00,11.790,100.00,12.568,100.00,-0.587,100.00,2.866,100.00,-0.578,100.00,
2017-1-16 00:00:00,11.430,100.00,12.211,100.00,-0.619,100.00,2.744,100.00,-0.615,100.00,
2017-1-19 00:00:00,11.020,100.00,11.792,100.00,-0.652,100.00,2.632,100.00,-0.670,100.00,
2017-1-22 00:00:00,10.590,100.00,11.331,100.00,-0.685,100.00,2.536,100.00,-0.697,100.00,
2017-1-25 00:00:00,10.270,100.00,10.971,100.00,-0.717,100.00,2.464,100.00,-0.672,100.00,
2017-1-28 00:00:00,12.900,100.00,12.138,100.00,-0.648,100.00,3.910,100.00,-0.411,100.00,
2017-1-31 00:00:00,12.110,100.00,12.264,100.00,-0.648,100.00,2.884,100.00,-0.630,100.00,
2017-2-3 00:00:00,11.450,100.00,11.651,100.00,-0.693,100.00,2.713,100.00,-0.675,100.00,
2017-2-6 00:00:00,10.800,100.00,11.024,100.00,-0.742,100.00,2.573,100.00,-0.711,100.00,
2017-2-9 00:00:00,10.320,100.00,10.554,100.00,-0.780,100.00,2.480,100.00,-0.727,100.00,
2017-2-12 00:00:00,9.970,100.00,10.219,100.00,-0.804,100.00,2.403,100.00,-0.718,100.00,
2017-2-15 00:00:00,9.710,100.00,9.977,100.00,-0.809,100.00,2.350,100.00,-0.731,100.00,
2017-2-18 00:00:00,9.500,100.00,9.792,100.00,-0.822,100.00,2.295,100.00,-0.753,100.00,
2017-2-21 00:00:00,10.370,100.00,10.031,100.00,-0.817,100.00,2.690,100.00,-0.716,100.00,
2017-2-24 00:00:00,10.160,100.00,10.039,100.00,-0.838,100.00,2.462,100.00,-0.781,100.00,
2017-2-27 00:00:00,9.950,100.00,9.895,100.00,-0.872,100.00,2.417,100.00,-0.809,100.00,
2017-3-2 00:00:00,9.710,100.00,9.758,100.00,-0.903,100.00,2.366,100.00,-0.832,100.00,
2017-3-5 00:00:00,9.500,100.00,9.658,100.00,-0.929,100.00,2.324,100.00,-0.847,100.00,
2017-3-8 00:00:00,9.750,100.00,9.604,100.00,-0.949,100.00,2.602,100.00,-0.819,100.00,
2017-3-11 00:00:00,25.890,100.00,18.467,100.00,-0.400,100.00,10.992,100.00,0.753,100.00,
2017-3-14 00:00:00,25.270,100.00,22.970,100.00,-0.086,100.00,5.807,100.00,-0.280,100.00,
2017-3-17 00:00:00,23.170,100.00,20.712,100.00,-0.234,100.00,5.494,100.00,-0.379,100.00,
2017-3-20 00:00:00,21.550,100.00,19.181,100.00,-0.357,100.00,5.104,100.00,-0.447,100.00,
2017-3-23 00:00:00,19.620,100.00,17.413,100.00,-0.503,100.00,4.851,100.00,-0.510,100.00,
2017-3-26 00:00:00,19.000,100.00,17.165,100.00,-0.545,100.00,4.781,100.00,-0.509,100.00,
2017-3-29 00:00:00,18.490,100.00,16.973,100.00,-0.568,100.00,5.057,100.00,-0.424,100.00,
2017-4-1 00:00:00,20.340,100.00,18.412,100.00,-0.493,100.00,6.000,100.00,-0.275,100.00,
2017-4-4 00:00:00,21.180,100.00,19.956,100.00,-0.444,100.00,5.520,100.00,-0.418,100.00,
2017-4-7 00:00:00,19.510,100.00,19.272,100.00,-0.534,100.00,4.491,100.00,-0.589,100.00,
2017-4-10 00:00:00,17.340,100.00,17.437,100.00,-0.653,100.00,3.900,100.00,-0.694,100.00,
2017-4-13 00:00:00,15.720,100.00,15.809,100.00,-0.753,100.00,3.726,100.00,-0.743,100.00,
2017-4-16 00:00:00,17.910,100.00,17.304,100.00,-0.727,100.00,5.187,100.00,-0.562,100.00,
2017-4-19 00:00:00,20.820,100.00,20.013,100.00,-0.653,100.00,6.666,100.00,-0.347,100.00,
2017-4-22 00:00:00,29.450,100.00,28.901,100.00,-0.323,100.00,9.281,100.00,0.015,100.00,
2017-4-25 00:00:00,28.500,100.00,30.713,100.00,-0.268,100.00,6.373,100.00,-0.462,100.00,
2017-4-28 00:00:00,25.390,100.00,27.378,100.00,-0.449,100.00,5.680,100.00,-0.595,100.00,
2017-5-1 00:00:00,25.060,100.00,26.120,100.00,-0.532,100.00,6.490,100.00,-0.443,100.00,
2017-5-4 00:00:00,24.860,100.00,25.821,100.00,-0.560,100.00,6.227,100.00,-0.564,100.00,
2017-5-7 00:00:00,25.390,100.00,26.409,100.00,-0.576,100.00,6.480,100.00,-0.531,100.00,
2017-5-10 00:00:00,26.310,100.00,27.237,100.00,-0.550,100.00,7.135,100.00,-0.403,100.00,
2017-5-13 00:00:00,27.700,100.00,28.708,100.00,-0.501,100.00,7.627,100.00,-0.371,100.00,
2017-5-16 00:00:00,31.750,100.00,32.304,100.00,-0.335,100.00,8.909,100.00,-0.101,100.00,
2017-5-19 00:00:00,30.520,100.00,32.306,100.00,-0.343,100.00,7.247,100.00,-0.465,100.00,
2017-5-22 00:00:00,28.110,100.00,30.163,100.00,-0.467,100.00,6.246,100.00,-0.622,100.00,
2017-5-25 00:00:00,27.310,100.00,28.261,100.00,-0.587,100.00,7.412,100.00,-0.406,100.00,
2017-5-28 00:00:00,31.080,100.00,32.058,100.00,-0.409,100.00,8.334,100.00,-0.316,100.00,
2017-5-31 00:00:00,31.340,100.00,32.788,100.00,-0.401,100.00,8.275,100.00,-0.327,100.00,
2017-6-3 00:00:00,29.420,100.00,31.773,100.00,-0.471,100.00,6.764,100.00,-0.630,100.00,
2017-6-6 00:00:00,34.270,100.00,34.091,100.00,-0.386,100.00,11.193,100.00,0.048,100.00,
2017-6-9 00:00:00,38.000,100.00,40.584,100.00,-0.187,100.00,10.321,100.00,-0.184,100.00,
2017-6-12 00:00:00,35.920,100.00,40.066,100.00,-0.312,100.00,8.353,100.00,-0.558,100.00,
2017-6-15 00:00:00,35.100,100.00,38.595,100.00,-0.468,100.00,9.102,100.00,-0.562,100.00,
2017-6-18 00:00:00,35.660,100.00,39.066,100.00,-0.561,100.00,9.440,100.00,-0.621,100.00,
2017-6-21 00:00:00,44.060,100.00,44.562,100.00,-0.496,100.00,14.599,100.00,-0.156,100.00,
2017-6-24 00:00:00,46.330,100.00,50.053,100.00,-0.463,100.00,12.146,100.00,-0.562,100.00,
2017-6-27 00:00:00,53.600,100.00,53.659,100.00,-0.452,100.00,16.496,100.00,-0.182,100.00,
2017-6-30 00:00:00,60.700,100.00,61.304,100.00,-0.345,100.00,17.822,100.00,-0.141,100.00,
2017-7-3 00:00:00,73.900,100.00,75.854,100.00,-0.096,100.00,21.548,100.00,0.216,100.00,
2017-7-6 00:00:00,85.310,100.00,90.897,100.00,0.174,100.00,23.043,100.00,0.272,100.00,
2017-7-9 00:00:00,91.590,97.56,97.488,97.56,0.301,100.00,24.225,100.00,0.378,100.00,
2017-7-12 00:00:00,94.860,100.00,103.285,100.00,0.339,100.00,23.276,100.00,0.078,100.00,
2017-7-15 00:00:00,93.200,92.68,100.005,92.68,0.149,100.00,23.125,100.00,0.044,100.00,
2017-7-18 00:00:00,91.470,95.12,98.472,95.12,0.013,100.00,22.482,100.00,-0.187,100.00,
2017-7-21 00:00:00,91.600,92.68,97.656,92.68,-0.002,100.00,23.401,100.00,0.025,100.00,
2017-7-24 00:00:00,92.850,92.68,99.526,92.68,0.085,100.00,23.632,100.00,0.110,100.00,
2017-7-27 00:00:00,93.250,97.56,100.805,97.56,0.068,100.00,23.662,100.00,0.091,100.00,
2017-7-30 00:00:00,94.290,90.24,100.850,90.24,0.170,100.00,24.365,100.00,0.212,100.00,
2017-8-2 00:00:00,94.890,97.56,103.369,97.56,0.014,100.00,24.292,100.00,0.104,100.00,
2017-8-5 00:00:00,95.290,92.68,103.632,92.68,0.159,100.00,24.159,100.00,0.185,100.00,
2017-8-8 00:00:00,95.540,95.12,104.200,95.12,0.212,100.00,24.437,100.00,0.300,100.00,
2017-8-11 00:00:00,96.930,92.68,105.317,92.68,0.356,100.00,24.758,100.00,0.391,100.00,
2017-8-14 00:00:00,98.900,100.00,107.685,100.00,0.426,100.00,24.842,100.00,0.288,100.00,
2017-8-17 00:00:00,97.810,95.12,106.286,95.12,0.335,100.00,24.548,100.00,0.335,100.00,
2017-8-20 00:00:00,97.390,95.12,105.624,95.12,0.429,100.00,24.499,100.00,0.409,100.00,
2017-8-23 00:00:00,96.960,95.12,105.473,95.12,0.440,100.00,24.393,100.00,0.399,100.00,
2017-8-26 00:00:00,96.510,92.68,105.234,92.68,0.397,100.00,24.531,100.00,0.446,100.00,
2017-8-29 00:00:00,95.820,100.00,106.128,100.00,0.379,100.00,23.750,100.00,0.273,100.00,
2017-9-1 00:00:00,95.650,97.56,105.550,97.56,0.366,100.00,24.223,100.00,0.413,100.00,
2017-9-4 00:00:00,94.400,97.56,105.221,97.56,0.356,100.00,23.390,100.00,0.236,100.00,
2017-9-7 00:00:00,92.000,100.00,103.760,100.00,0.263,100.00,22.434,100.00,0.072,100.00,
2017-9-10 00:00:00,90.160,100.00,102.373,100.00,0.154,100.00,22.262,100.00,0.068,100.00,
2017-9-13 00:00:00,90.320,97.56,102.842,97.56,0.218,100.00,22.530,100.00,0.168,100.00,
2017-9-16 00:00:00,87.420,100.00,101.176,100.00,0.110,100.00,20.952,100.00,-0.100,100.00,
2017-9-19 00:00:00,87.520,100.00,100.548,100.00,0.123,100.00,22.076,100.00,0.202,100.00,
2017-9-22 00:00:00,90.170,100.00,102.743,100.00,0.302,100.00,22.626,100.00,0.336,100.00,
2017-9-25 00:00:00,86.010,100.00,100.083,100.00,0.173,100.00,20.172,100.00,-0.106,100.00,
2017-9-28 00:00:00,86.520,100.00,98.863,100.00,0.178,100.00,22.135,100.00,0.390,100.00,
2017-10-1 00:00:00,91.400,100.00,102.916,100.00,0.494,100.00,23.268,100.00,0.676,100.00,
2017-10-4 00:00:00,89.510,100.00,102.050,100.00,0.551,100.00,21.424,100.00,0.467,100.00,
2017-10-7 00:00:00,86.280,100.00,98.226,100.00,0.505,100.00,20.409,100.00,0.409,100.00,
2017-10-10 00:00:00,82.610,100.00,94.289,100.00,0.472,100.00,19.694,100.00,0.445,100.00,
2017-10-13 00:00:00,78.600,100.00,90.482,100.00,0.447,100.00,18.137,100.00,0.302,100.00,
2017-10-16 00:00:00,73.760,100.00,85.239,100.00,0.363,100.00,16.757,100.00,0.208,100.00,
2017-10-19 00:00:00,68.580,100.00,79.445,100.00,0.279,100.00,15.391,100.00,0.117,100.00,
2017-10-22 00:00:00,67.540,100.00,76.399,100.00,0.300,100.00,17.417,100.00,0.671,100.00,
2017-10-25 00:00:00,65.020,100.00,75.084,100.00,0.416,100.00,15.096,100.00,0.409,100.00,
2017-10-28 00:00:00,63.550,100.00,71.645,100.00,0.463,100.00,15.831,100.00,0.782,100.00,
2017-10-31 00:00:00,64.170,100.00,72.215,100.00,0.730,100.00,15.946,100.00,1.014,100.00,
2017-11-3 00:00:00,60.380,100.00,69.113,100.00,0.763,100.00,13.940,100.00,0.740,100.00,
2017-11-6 00:00:00,56.420,100.00,64.719,100.00,0.746,100.00,12.849,100.00,0.680,100.00,
2017-11-9 00:00:00,52.530,100.00,60.262,100.00,0.710,100.00,11.997,100.00,0.664,100.00,
2017-11-12 00:00:00,48.650,100.00,55.984,100.00,0.667,100.00,11.050,100.00,0.596,100.00,
2017-11-15 00:00:00,45.070,100.00,51.848,100.00,0.619,100.00,10.346,100.00,0.610,100.00,
2017-11-18 00:00:00,41.970,100.00,48.328,100.00,0.612,100.00,9.587,100.00,0.583,100.00,
2017-11-21 00:00:00,38.990,100.00,44.855,100.00,0.590,100.00,8.965,100.00,0.582,100.00,
2017-11-24 00:00:00,36.400,100.00,41.827,100.00,0.577,100.00,8.418,100.00,0.577,100.00,
2017-11-27 00:00:00,34.320,100.00,39.151,100.00,0.570,100.00,8.105,100.00,0.610,100.00,
2017-11-30 00:00:00,32.520,100.00,37.060,100.00,0.551,100.00,7.645,100.00,0.472,100.00,
2017-12-3 00:00:00,30.580,100.00,34.857,100.00,0.480,100.00,7.126,100.00,0.370,100.00,
2017-12-6 00:00:00,28.960,100.00,32.902,100.00,0.411,100.00,6.843,100.00,0.327,100.00,
2017-12-9 00:00:00,27.110,100.00,30.879,100.00,0.321,100.00,6.291,100.00,0.198,100.00,
2017-12-12 00:00:00,25.520,100.00,28.897,100.00,0.228,100.00,5.978,100.00,0.127,100.00,
2017-12-15 00:00:00,24.020,100.00,27.107,100.00,0.142,100.00,5.620,100.00,0.054,100.00,
2017-12-18 00:00:00,22.640,100.00,25.494,100.00,0.069,100.00,5.325,100.00,-0.004,100.00,
2017-12-21 00:00:00,21.400,100.00,24.041,100.00,-0.014,100.00,5.038,100.00,-0.104,100.00,
2017-12-24 00:00:00,20.500,100.00,22.775,100.00,-0.093,100.00,4.969,100.00,-0.146,100.00,
2017-12-27 00:00:00,19.710,100.00,21.889,100.00,-0.154,100.00,4.638,100.00,-0.228,100.00,
2017-12-30 00:00:00,18.600,100.00,20.635,100.00,-0.220,100.00,4.385,100.00,-0.262,100.00,
2018-1-2 00:00:00,18.390,100.00,19.898,100.00,-0.243,100.00,4.598,100.00,-0.221,100.00,
2018-1-5 00:00:00,17.890,100.00,19.443,100.00,-0.254,100.00,4.305,100.00,-0.272,100.00,
2018-1-8 00:00:00,17.170,100.00,18.671,100.00,-0.286,100.00,4.108,100.00,-0.314,100.00,
2018-1-11 00:00:00,16.250,100.00,17.753,100.00,-0.337,100.00,3.847,100.00,-0.380,100.00,
2018-1-14 00:00:00,15.480,100.00,16.887,100.00,-0.389,100.00,3.682,100.00,-0.428,100.00,
2018-1-17 00:00:00,14.810,100.00,16.149,100.00,-0.436,100.00,3.501,100.00,-0.472,100.00,
2018-1-20 00:00:00,14.110,100.00,15.378,100.00,-0.477,100.00,3.346,100.00,-0.510,100.00,
2018-1-23 00:00:00,15.520,100.00,14.785,100.00,-0.501,100.00,5.119,100.00,-0.254,100.00,
2018-1-26 00:00:00,18.590,100.00,18.204,100.00,-0.346,100.00,4.539,100.00,-0.353,100.00,
2018-1-29 00:00:00,17.470,100.00,17.361,100.00,-0.402,100.00,4.162,100.00,-0.420,100.00,
2018-2-1 00:00:00,16.160,100.00,16.347,100.00,-0.465,100.00,3.832,100.00,-0.480,100.00,
2018-2-4 00:00:00,15.100,100.00,15.475,100.00,-0.523,100.00,3.576,100.00,-0.530,100.00,
2018-2-7 00:00:00,14.570,100.00,14.801,100.00,-0.564,100.00,3.542,100.00,-0.547,100.00,
2018-2-10 00:00:00,14.550,100.00,14.463,100.00,-0.587,100.00,3.572,100.00,-0.542,100.00,
2018-2-13 00:00:00,18.330,100.00,15.463,100.00,-0.528,100.00,5.367,100.00,-0.316,100.00,
2018-2-16 00:00:00,19.130,100.00,16.268,100.00,-0.479,100.00,5.095,100.00,-0.364,100.00,
2018-2-19 00:00:00,19.640,100.00,16.977,100.00,-0.453,100.00,4.742,100.00,-0.422,100.00,
2018-2-22 00:00:00,20.060,100.00,16.799,100.00,-0.477,100.00,5.288,100.00,-0.369,100.00,
2018-2-25 00:00:00,20.740,100.00,17.352,100.00,-0.468,100.00,5.369,100.00,-0.361,100.00,
2018-2-28 00:00:00,19.490,100.00,16.935,100.00,-0.498,100.00,4.675,100.00,-0.489,100.00,
2018-3-3 00:00:00,21.550,100.00,17.608,100.00,-0.494,100.00,6.110,100.00,-0.318,100.00,
2018-3-6 00:00:00,22.140,100.00,18.480,100.00,-0.470,100.00,5.525,100.00,-0.412,100.00,
2018-3-9 00:00:00,21.360,100.00,17.732,100.00,-0.521,100.00,5.330,100.00,-0.446,100.00,
2018-3-12 00:00:00,22.640,100.00,18.141,100.00,-0.505,100.00,6.070,100.00,-0.345,100.00,
2018-3-15 00:00:00,26.110,100.00,20.032,100.00,-0.401,100.00,8.480,100.00,0.139,100.00,
2018-3-18 00:00:00,26.940,100.00,22.823,100.00,-0.256,100.00,6.291,100.00,-0.324,100.00,
2018-3-21 00:00:00,24.500,100.00,20.503,100.00,-0.393,100.00,5.845,100.00,-0.394,100.00,
2018-3-24 00:00:00,23.090,100.00,19.103,100.00,-0.484,100.00,5.522,100.00,-0.467,100.00,
2018-3-27 00:00:00,23.130,100.00,17.959,100.00,-0.554,100.00,6.708,100.00,-0.292,100.00,
2018-3-30 00:00:00,30.470,100.00,23.438,100.00,-0.256,100.00,9.845,100.00,0.366,100.00,
2018-4-2 00:00:00,31.890,100.00,26.351,100.00,-0.063,100.00,8.110,100.00,-0.103,100.00,
2018-4-5 00:00:00,38.290,100.00,30.279,100.00,0.159,100.00,12.823,100.00,0.968,100.00,
2018-4-8 00:00:00,43.350,100.00,37.140,100.00,0.496,100.00,12.737,100.00,0.619,100.00,
2018-4-11 00:00:00,46.340,100.00,41.187,100.00,0.577,100.00,12.764,100.00,0.563,100.00,
2018-4-14 00:00:00,44.640,100.00,40.788,100.00,0.444,100.00,10.514,100.00,0.108,100.00,
2018-4-17 00:00:00,46.600,100.00,40.883,100.00,0.340,100.00,13.065,100.00,0.443,100.00,
2018-4-20 00:00:00,46.750,100.00,42.752,100.00,0.323,100.00,11.435,100.00,0.111,100.00,
2018-4-23 00:00:00,42.320,100.00,39.195,100.00,0.096,100.00,9.354,100.00,-0.184,100.00,
2018-4-26 00:00:00,42.100,100.00,36.563,100.00,-0.064,100.00,11.311,100.00,-0.003,100.00,
2018-4-29 00:00:00,49.530,100.00,41.476,100.00,0.028,100.00,16.602,100.00,0.843,100.00,
2018-5-2 00:00:00,60.450,100.00,55.795,100.00,0.562,100.00,18.403,100.00,1.143,100.00,
2018-5-5 00:00:00,64.460,100.00,63.548,100.00,0.840,100.00,16.804,100.00,0.821,100.00,
2018-5-8 00:00:00,63.870,100.00,63.356,100.00,0.794,100.00,16.317,100.00,0.743,100.00,
2018-5-11 00:00:00,63.030,100.00,63.560,100.00,0.824,100.00,15.121,100.00,0.638,100.00,
2018-5-14 00:00:00,68.180,100.00,66.646,100.00,0.944,100.00,19.112,100.00,1.267,100.00,
2018-5-17 00:00:00,68.600,100.00,69.116,100.00,1.049,100.00,17.370,100.00,0.947,100.00,
2018-5-20 00:00:00,68.320,100.00,69.071,100.00,1.030,100.00,17.322,100.00,0.959,100.00,
2018-5-23 00:00:00,70.000,100.00,70.530,100.00,1.030,100.00,18.377,100.00,0.977,100.00,
2018-5-26 00:00:00,69.990,100.00,71.529,100.00,0.981,100.00,17.531,100.00,0.783,100.00,
2018-5-29 00:00:00,71.470,97.56,73.328,97.56,0.982,100.00,19.143,100.00,1.055,100.00,
2018-6-1 00:00:00,72.680,100.00,74.042,100.00,0.929,100.00,18.495,100.00,0.784,100.00,
2018-6-4 00:00:00,72.450,100.00,74.022,100.00,0.814,100.00,18.005,100.00,0.645,100.00,
2018-6-7 00:00:00,72.770,100.00,73.602,100.00,0.713,100.00,18.929,100.00,0.704,100.00,
2018-6-10 00:00:00,73.270,100.00,73.946,100.00,0.631,100.00,19.335,100.00,0.684,100.00,
2018-6-13 00:00:00,84.540,100.00,85.718,100.00,0.928,100.00,24.599,100.00,1.282,100.00,
2018-6-16 00:00:00,90.520,100.00,95.315,100.00,1.077,100.00,24.020,100.00,1.066,100.00,
2018-6-19 00:00:00,91.670,100.00,99.474,100.00,1.003,100.00,21.854,100.00,0.498,100.00,
2018-6-22 00:00:00,93.620,100.00,100.281,100.00,0.865,100.00,23.968,100.00,0.818,100.00,
2018-6-25 00:00:00,99.690,100.00,107.919,100.00,1.002,100.00,25.267,100.00,0.853,100.00,
2018-6-28 00:00:00,98.720,100.00,107.308,100.00,0.878,100.00,24.376,100.00,0.673,100.00,
2018-7-1 00:00:00,99.760,100.00,107.921,100.00,0.791,100.00,25.331,100.00,0.705,100.00,
2018-7-4 00:00:00,99.900,95.12,107.482,95.12,0.708,100.00,25.332,100.00,0.635,100.00,
2018-7-7 00:00:00,99.770,95.12,107.433,95.12,0.637,100.00,25.201,100.00,0.528,100.00,
2018-7-10 00:00:00,99.320,100.00,107.796,100.00,0.535,100.00,24.823,100.00,0.414,100.00,
2018-7-13 00:00:00,98.950,100.00,107.545,100.00,0.504,100.00,24.585,100.00,0.362,100.00,
2018-7-16 00:00:00,97.750,100.00,106.290,100.00,0.400,100.00,23.972,100.00,0.141,100.00,
2018-7-19 00:00:00,96.840,100.00,105.003,100.00,0.286,100.00,23.894,100.00,0.067,100.00,
2018-7-22 00:00:00,98.130,100.00,106.056,100.00,0.344,100.00,24.727,100.00,0.296,100.00,
2018-7-25 00:00:00,98.600,97.56,105.877,97.56,0.376,100.00,25.206,100.00,0.427,100.00,
2018-7-28 00:00:00,99.860,95.12,107.347,95.12,0.470,100.00,25.337,100.00,0.461,100.00,
2018-7-31 00:00:00,99.920,95.12,107.423,95.12,0.482,100.00,25.343,100.00,0.470,100.00,
2018-8-3 00:00:00,99.870,97.56,109.492,97.56,0.470,100.00,25.316,100.00,0.467,100.00,
2018-8-6 00:00:00,99.830,95.12,109.070,95.12,0.482,100.00,25.297,100.00,0.485,100.00,
2018-8-9 00:00:00,98.600,97.56,108.690,97.56,0.414,100.00,24.238,100.00,0.146,100.00,
2018-8-12 00:00:00,99.900,95.12,109.139,95.12,0.495,100.00,25.338,100.00,0.507,100.00,
2018-8-15 00:00:00,99.790,97.56,109.432,97.56,0.473,100.00,25.254,100.00,0.484,100.00,
2018-8-18 00:00:00,98.310,97.56,108.359,97.56,0.401,100.00,24.137,100.00,0.175,100.00,
2018-8-21 00:00:00,98.740,97.56,108.073,97.56,0.393,100.00,25.044,100.00,0.472,100.00,
2018-8-24 00:00:00,99.660,95.12,108.809,95.12,0.524,100.00,25.310,100.00,0.546,100.00,
2018-8-27 00:00:00,99.860,95.12,109.099,95.12,0.540,100.00,25.326,100.00,0.560,100.00,
2018-8-30 00:00:00,99.880,95.12,109.122,95.12,0.543,100.00,25.331,100.00,0.569,100.00,
2018-9-2 00:00:00,99.840,97.56,107.859,97.56,0.554,100.00,25.288,100.00,0.582,100.00,
2018-9-5 00:00:00,99.580,100.00,107.869,100.00,0.546,100.00,25.141,100.00,0.568,100.00,
2018-9-8 00:00:00,99.020,100.00,107.698,100.00,0.543,100.00,24.498,100.00,0.436,100.00,
2018-9-11 00:00:00,99.910,90.24,106.854,90.24,0.597,100.00,25.350,100.00,0.652,100.00,
2018-9-14 00:00:00,99.840,95.12,107.617,95.12,0.602,100.00,25.268,100.00,0.631,100.00,
2018-9-17 00:00:00,96.550,100.00,106.684,100.00,0.484,100.00,22.549,100.00,-0.049,100.00,
2018-9-20 00:00:00,94.740,100.00,102.783,100.00,0.276,100.00,23.549,100.00,0.329,100.00,
2018-9-23 00:00:00,95.110,100.00,103.081,100.00,0.452,100.00,23.116,100.00,0.340,100.00,
2018-9-26 00:00:00,92.320,100.00,99.875,100.00,0.345,100.00,22.437,100.00,0.281,100.00,
2018-9-29 00:00:00,89.090,100.00,96.802,100.00,0.287,100.00,21.385,100.00,0.222,100.00,
2018-10-2 00:00:00,84.440,100.00,92.833,100.00,0.217,100.00,19.573,100.00,0.046,100.00,
2018-10-5 00:00:00,82.530,100.00,89.508,100.00,0.186,100.00,20.775,100.00,0.375,100.00,
2018-10-8 00:00:00,81.670,100.00,89.322,100.00,0.293,100.00,20.235,100.00,0.408,100.00,
2018-10-11 00:00:00,78.080,100.00,86.233,100.00,0.287,100.00,18.749,100.00,0.315,100.00,
2018-10-14 00:00:00,73.660,100.00,82.821,100.00,0.270,100.00,16.866,100.00,0.110,100.00,
2018-10-17 00:00:00,68.060,100.00,77.180,100.00,0.154,100.00,15.389,100.00,0.011,100.00,
2018-10-20 00:00:00,62.760,100.00,71.572,100.00,0.058,100.00,14.195,100.00,-0.046,100.00,
2018-10-23 00:00:00,57.880,100.00,66.421,100.00,-0.016,100.00,13.048,100.00,-0.100,100.00,
2018-10-26 00:00:00,53.470,100.00,61.537,100.00,-0.068,100.00,12.061,100.00,-0.120,100.00,
2018-10-29 00:00:00,48.930,100.00,56.620,100.00,-0.123,100.00,10.960,100.00,-0.179,100.00,
2018-11-1 00:00:00,44.650,100.00,51.885,100.00,-0.177,100.00,9.986,100.00,-0.233,100.00,
2018-11-4 00:00:00,41.190,100.00,47.740,100.00,-0.208,100.00,9.341,100.00,-0.232,100.00,
2018-11-7 00:00:00,38.020,100.00,44.082,100.00,-0.230,100.00,8.647,100.00,-0.246,100.00,
2018-11-10 00:00:00,35.350,100.00,40.817,100.00,-0.244,100.00,8.183,100.00,-0.215,100.00,
2018-11-13 00:00:00,33.160,100.00,38.073,100.00,-0.233,100.00,7.745,100.00,-0.190,100.00,
2018-11-16 00:00:00,31.070,100.00,35.632,100.00,-0.208,100.00,7.193,100.00,-0.188,100.00,
2018-11-19 00:00:00,29.050,100.00,33.234,100.00,-0.204,100.00,6.786,100.00,-0.170,100.00,
2018-11-22 00:00:00,26.980,100.00,30.979,100.00,-0.213,100.00,6.237,100.00,-0.216,100.00,
2018-11-25 00:00:00,24.920,100.00,28.680,100.00,-0.262,100.00,5.749,100.00,-0.280,100.00,
2018-11-28 00:00:00,23.040,100.00,26.537,100.00,-0.267,100.00,5.324,100.00,-0.289,100.00,
2018-12-1 00:00:00,21.800,100.00,24.893,100.00,-0.274,100.00,5.210,100.00,-0.237,100.00,
2018-12-4 00:00:00,20.960,100.00,23.780,100.00,-0.271,100.00,5.016,100.00,-0.238,100.00,
2018-12-7 00:00:00,20.860,100.00,23.166,100.00,-0.249,100.00,5.205,100.00,-0.160,100.00,
2018-12-10 00:00:00,19.930,100.00,22.272,100.00,-0.255,100.00,4.748,100.00,-0.241,100.00,
2018-12-13 00:00:00,19.640,100.00,21.420,100.00,-0.264,100.00,4.864,100.00,-0.209,100.00,
2018-12-16 00:00:00,18.860,100.00,20.645,100.00,-0.281,100.00,4.486,100.00,-0.266,100.00,
2018-12-19 00:00:00,18.060,100.00,19.768,100.00,-0.299,100.00,4.352,100.00,-0.258,100.00,
2018-12-22 00:00:00,17.140,100.00,18.820,100.00,-0.338,100.00,4.083,100.00,-0.326,100.00,
2018-12-25 00:00:00,16.320,100.00,17.894,100.00,-0.382,100.00,3.891,100.00,-0.370,100.00,
2018-12-28 00:00:00,16.520,100.00,17.514,100.00,-0.396,100.00,4.166,100.00,-0.336,100.00,
2019-1-3 00:00:00,16.190,100.00,16.728,100.00,-0.398,100.00,4.098,100.00,-0.335,100.00,
2019-1-6 00:00:00,17.080,100.00,16.519,100.00,-0.388,100.00,4.804,100.00,-0.240,100.00,
2019-1-9 00:00:00,19.010,100.00,18.002,100.00,-0.295,100.00,4.723,100.00,-0.273,100.00,
2019-1-12 00:00:00,18.530,100.00,17.496,100.00,-0.327,100.00,4.559,100.00,-0.325,100.00,
2019-1-15 00:00:00,17.760,100.00,16.883,100.00,-0.373,100.00,4.278,100.00,-0.384,100.00,
2019-1-18 00:00:00,17.620,100.00,16.435,100.00,-0.408,100.00,4.425,100.00,-0.381,100.00,
2019-1-21 00:00:00,17.340,100.00,15.780,100.00,-0.442,100.00,4.568,100.00,-0.401,100.00,
2019-1-24 00:00:00,28.790,100.00,21.218,100.00,-0.169,100.00,9.793,100.00,0.414,100.00,
2019-1-27 00:00:00,35.970,97.56,28.871,97.56,0.219,100.00,10.899,100.00,0.538,100.00,
2019-1-30 00:00:00,37.390,100.00,30.954,100.00,0.253,100.00,9.204,100.00,0.201,100.00,
2019-2-2 00:00:00,36.840,100.00,30.198,100.00,0.187,100.00,8.998,100.00,0.132,100.00,
2019-2-5 00:00:00,34.190,100.00,28.264,100.00,0.076,100.00,8.060,100.00,0.000,100.00,
2019-2-8 00:00:00,51.820,97.56,41.507,97.56,0.828,100.00,19.970,100.00,2.884,100.00,
2019-2-11 00:00:00,57.720,100.00,55.478,100.00,1.863,100.00,13.944,100.00,1.302,100.00,
2019-2-14 00:00:00,55.020,100.00,52.496,100.00,1.551,100.00,13.526,100.00,1.061,100.00,
2019-2-17 00:00:00,54.900,100.00,51.938,100.00,1.394,100.00,13.571,100.00,1.021,100.00,
2019-2-20 00:00:00,52.890,100.00,50.146,100.00,1.210,100.00,12.521,100.00,0.765,100.00,
2019-2-23 00:00:00,49.510,100.00,46.559,100.00,0.952,100.00,11.641,100.00,0.574,100.00,
2019-2-26 00:00:00,54.500,100.00,48.154,100.00,0.993,100.00,16.142,100.00,1.507,100.00,
2019-3-1 00:00:00,64.800,100.00,62.328,100.00,1.777,100.00,17.487,100.00,1.835,100.00,
2019-3-4 00:00:00,61.440,100.00,60.649,100.00,1.709,100.00,14.552,100.00,1.146,100.00,
2019-3-7 00:00:00,57.470,100.00,56.608,100.00,1.485,100.00,13.186,100.00,0.888,100.00,
2019-3-10 00:00:00,52.730,100.00,51.681,100.00,1.217,100.00,11.881,100.00,0.655,100.00,
2019-3-13 00:00:00,47.360,100.00,46.076,100.00,0.911,100.00,10.606,100.00,0.449,100.00,
2019-3-16 00:00:00,42.720,100.00,41.299,100.00,0.681,100.00,9.335,100.00,0.280,100.00,
2019-3-19 00:00:00,38.360,100.00,36.385,100.00,0.447,100.00,8.816,100.00,0.187,100.00,
2019-3-22 00:00:00,34.770,100.00,32.830,100.00,0.274,100.00,7.666,100.00,-0.032,100.00,
2019-3-25 00:00:00,32.010,100.00,28.974,100.00,0.073,100.00,8.353,100.00,0.210,100.00,
2019-3-28 00:00:00,30.590,100.00,28.811,100.00,0.154,100.00,7.088,100.00,-0.059,100.00,
2019-3-31 00:00:00,35.240,100.00,29.871,100.00,0.180,100.00,11.790,100.00,0.827,100.00,
2019-4-3 00:00:00,35.850,100.00,34.143,100.00,0.404,100.00,8.672,100.00,0.134,100.00,
2019-4-6 00:00:00,42.240,100.00,37.990,100.00,0.543,100.00,13.790,100.00,1.048,100.00,
2019-4-9 00:00:00,49.450,100.00,47.014,100.00,0.897,100.00,14.568,100.00,1.026,100.00,
2019-4-12 00:00:00,48.910,100.00,48.499,100.00,0.792,100.00,12.392,100.00,0.497,100.00,
2019-4-15 00:00:00,53.870,100.00,51.659,100.00,0.798,100.00,15.421,100.00,0.882,100.00,
2019-4-18 00:00:00,54.810,100.00,54.010,100.00,0.794,100.00,13.426,100.00,0.485,100.00,
2019-4-21 00:00:00,52.720,100.00,50.616,100.00,0.551,100.00,13.278,100.00,0.433,100.00,
2019-4-24 00:00:00,56.550,100.00,53.799,100.00,0.649,100.00,15.466,100.00,0.772,100.00,
2019-4-27 00:00:00,54.640,100.00,53.116,100.00,0.553,100.00,13.268,100.00,0.319,100.00,
2019-4-30 00:00:00,52.500,100.00,50.410,100.00,0.372,100.00,12.401,100.00,0.139,100.00,
2019-5-3 00:00:00,52.950,100.00,50.979,100.00,0.343,100.00,13.908,100.00,0.454,100.00,
2019-5-6 00:00:00,48.230,100.00,48.836,100.00,0.224,100.00,10.263,100.00,-0.133,100.00,
2019-5-9 00:00:00,40.610,100.00,41.592,100.00,-0.069,100.00,8.221,100.00,-0.406,100.00,
2019-5-12 00:00:00,34.890,100.00,35.130,100.00,-0.321,100.00,7.597,100.00,-0.516,100.00,
2019-5-15 00:00:00,32.940,100.00,31.692,100.00,-0.460,100.00,8.438,100.00,-0.423,100.00,
2019-5-18 00:00:00,32.150,100.00,31.368,100.00,-0.493,100.00,7.352,100.00,-0.631,100.00,
2019-5-21 00:00:00,30.410,100.00,28.867,100.00,-0.613,100.00,7.452,100.00,-0.618,100.00,
2019-5-24 00:00:00,32.440,100.00,29.974,100.00,-0.615,100.00,9.479,100.00,-0.351,100.00,
2019-5-27 00:00:00,31.090,100.00,30.340,100.00,-0.666,100.00,7.440,100.00,-0.705,100.00,
2019-5-30 00:00:00,34.460,100.00,31.286,100.00,-0.662,100.00,11.032,100.00,-0.109,100.00,
2019-6-2 00:00:00,44.870,100.00,41.665,100.00,-0.276,100.00,13.797,100.00,0.128,100.00,
2019-6-5 00:00:00,47.150,100.00,45.906,100.00,-0.190,100.00,12.454,100.00,-0.107,100.00,
2019-6-8 00:00:00,49.080,100.00,48.542,100.00,-0.149,100.00,12.885,100.00,-0.108,100.00,
2019-6-11 00:00:00,52.790,100.00,52.261,100.00,-0.101,100.00,15.457,100.00,0.186,100.00,
2019-6-14 00:00:00,51.980,100.00,53.939,100.00,-0.148,100.00,12.548,100.00,-0.421,100.00,
2019-6-17 00:00:00,54.080,100.00,53.517,100.00,-0.296,100.00,14.332,100.00,-0.340,100.00,
2019-6-20 00:00:00,55.690,100.00,55.272,100.00,-0.386,100.00,14.710,100.00,-0.322,100.00,
2019-6-23 00:00:00,60.790,100.00,59.798,100.00,-0.229,100.00,16.580,100.00,-0.093,100.00,
2019-6-26 00:00:00,65.170,100.00,63.386,100.00,-0.159,100.00,19.394,100.00,0.139,100.00,
2019-6-29 00:00:00,75.600,100.00,76.828,100.00,0.064,100.00,21.293,100.00,0.250,100.00,
2019-7-2 00:00:00,80.640,97.56,86.063,97.56,0.177,100.00,20.481,100.00,0.053,100.00,
2019-7-5 00:00:00,80.690,97.56,85.626,97.56,0.087,100.00,20.333,100.00,-0.084,100.00,
2019-7-8 00:00:00,86.010,97.56,89.764,97.56,0.102,100.00,24.065,100.00,0.389,100.00,
2019-7-11 00:00:00,98.450,95.12,105.236,95.12,0.509,100.00,25.355,100.00,0.522,100.00,
2019-7-14 00:00:00,99.930,92.68,107.243,92.68,0.519,100.00,25.353,100.00,0.490,100.00,
2019-7-17 00:00:00,99.850,95.12,107.514,95.12,0.389,100.00,25.285,100.00,0.422,100.00,
2019-7-20 00:00:00,99.810,92.68,107.138,92.68,0.369,100.00,25.309,100.00,0.403,100.00,
2019-7-23 00:00:00,99.880,90.24,106.905,90.24,0.384,100.00,25.333,100.00,0.423,100.00,
2019-7-26 00:00:00,99.580,100.00,107.932,100.00,0.408,100.00,25.060,100.00,0.352,100.00,
2019-7-29 00:00:00,97.450,100.00,106.296,100.00,0.089,100.00,23.476,100.00,-0.290,100.00,
2019-8-1 00:00:00,95.690,100.00,103.554,100.00,-0.214,100.00,23.568,100.00,-0.160,100.00,
2019-8-4 00:00:00,95.150,97.56,104.042,97.56,-0.053,100.00,23.663,100.00,-0.071,100.00,
2019-8-7 00:00:00,95.070,97.56,103.838,97.56,-0.062,100.00,23.743,100.00,0.020,100.00,
2019-8-10 00:00:00,95.080,97.56,103.548,97.56,0.056,100.00,24.026,100.00,0.167,100.00,
2019-8-13 00:00:00,95.240,97.56,103.929,97.56,0.140,100.00,23.916,100.00,0.144,100.00,
2019-8-16 00:00:00,97.880,97.56,106.735,97.56,0.329,100.00,25.086,100.00,0.472,100.00,
2019-8-19 00:00:00,98.790,97.56,108.640,97.56,0.406,100.00,24.582,100.00,0.283,100.00,
2019-8-22 00:00:00,97.940,97.56,107.611,97.56,0.336,100.00,24.338,100.00,0.265,100.00,
2019-8-25 00:00:00,99.350,97.56,109.085,97.56,0.517,100.00,24.946,100.00,0.470,100.00,
2019-8-28 00:00:00,98.020,97.56,107.704,97.56,0.380,100.00,24.368,100.00,0.306,100.00,
2019-8-31 00:00:00,98.440,97.56,107.881,97.56,0.413,100.00,24.796,100.00,0.429,100.00,
2019-9-3 00:00:00,98.350,97.56,107.694,97.56,0.437,100.00,24.828,100.00,0.491,100.00,
2019-9-6 00:00:00,98.320,97.56,107.687,97.56,0.467,100.00,24.776,100.00,0.484,100.00,
2019-9-9 00:00:00,98.540,97.56,107.870,97.56,0.486,100.00,24.936,100.00,0.523,100.00,
2019-9-12 00:00:00,98.980,97.56,108.242,97.56,0.515,100.00,25.212,100.00,0.615,100.00,
2019-9-15 00:00:00,99.410,97.56,108.828,97.56,0.571,100.00,25.276,100.00,0.652,100.00,
2019-9-18 00:00:00,99.650,95.12,109.153,95.12,0.626,100.00,25.002,100.00,0.596,100.00,
2019-9-21 00:00:00,98.740,100.00,106.932,100.00,0.575,100.00,24.830,100.00,0.635,100.00,
2019-9-24 00:00:00,99.820,97.56,109.401,97.56,0.675,100.00,25.324,100.00,0.762,100.00,
2019-9-27 00:00:00,99.870,92.68,108.787,92.68,0.717,100.00,25.315,100.00,0.831,100.00,
2019-9-30 00:00:00,99.280,100.00,107.818,100.00,0.770,100.00,24.734,100.00,0.829,100.00,
2019-10-3 00:00:00,98.200,100.00,106.453,100.00,0.799,100.00,24.657,100.00,0.920,100.00,
2019-10-6 00:00:00,95.660,100.00,105.180,100.00,0.822,100.00,23.148,100.00,0.788,100.00,
2019-10-9 00:00:00,95.150,100.00,104.193,100.00,0.898,100.00,23.636,100.00,0.994,100.00,
2019-10-12 00:00:00,89.710,100.00,100.498,100.00,0.840,100.00,20.552,100.00,0.604,100.00,
2019-10-15 00:00:00,84.750,100.00,94.809,100.00,0.738,100.00,19.528,100.00,0.607,100.00,
2019-10-18 00:00:00,80.240,100.00,89.782,100.00,0.697,100.00,18.643,100.00,0.636,100.00,
2019-10-21 00:00:00,77.040,100.00,85.820,100.00,0.719,100.00,18.163,100.00,0.744,100.00,
2019-10-24 00:00:00,72.670,100.00,81.418,100.00,0.707,100.00,17.132,100.00,0.762,100.00,
2019-10-27 00:00:00,68.160,100.00,77.400,100.00,0.711,100.00,15.588,100.00,0.678,100.00,
2019-10-30 00:00:00,63.530,100.00,72.356,100.00,0.684,100.00,14.534,100.00,0.673,100.00,
2019-11-2 00:00:00,59.400,100.00,67.759,100.00,0.677,100.00,13.673,100.00,0.674,100.00,
2019-11-5 00:00:00,56.470,100.00,63.995,100.00,0.714,100.00,13.366,100.00,0.804,100.00,
2019-11-8 00:00:00,52.810,100.00,60.208,100.00,0.729,100.00,12.204,100.00,0.743,100.00,
2019-11-11 00:00:00,48.890,100.00,56.059,100.00,0.715,100.00,11.138,100.00,0.668,100.00,
2019-11-14 00:00:00,44.930,100.00,51.837,100.00,0.662,100.00,10.192,100.00,0.613,100.00,
2019-11-17 00:00:00,41.330,100.00,47.814,100.00,0.612,100.00,9.462,100.00,0.604,100.00,
2019-11-20 00:00:00,38.450,100.00,44.522,100.00,0.591,100.00,8.893,100.00,0.615,100.00,
2019-11-23 00:00:00,35.780,100.00,41.499,100.00,0.580,100.00,8.259,100.00,0.585,100.00,
2019-11-26 00:00:00,33.400,100.00,38.735,100.00,0.563,100.00,7.760,100.00,0.581,100.00,
2019-11-29 00:00:00,31.120,100.00,36.099,100.00,0.542,100.00,7.193,100.00,0.410,100.00,
2019-12-2 00:00:00,29.040,100.00,33.605,100.00,0.469,100.00,6.775,100.00,0.350,100.00,
2019-12-5 00:00:00,27.180,100.00,31.452,100.00,0.399,100.00,6.308,100.00,0.256,100.00,
2019-12-8 00:00:00,25.440,100.00,29.334,100.00,0.311,100.00,5.952,100.00,0.187,100.00,
2019-12-11 00:00:00,25.650,100.00,27.810,100.00,0.251,100.00,7.048,100.00,0.409,100.00,
2019-12-14 00:00:00,58.160,100.00,52.194,100.00,2.096,100.00,18.264,100.00,3.570,100.00,
2019-12-17 00:00:00,57.010,100.00,55.176,100.00,2.395,100.00,13.800,100.00,2.038,100.00,
2019-12-20 00:00:00,54.470,100.00,53.008,100.00,2.145,100.00,13.052,100.00,1.541,100.00,
2019-12-23 00:00:00,51.670,100.00,50.492,100.00,1.788,100.00,12.341,100.00,1.294,100.00,
2019-12-26 00:00:00,48.950,100.00,48.009,100.00,1.491,100.00,11.735,100.00,1.087,100.00,
2019-12-29 00:00:00,46.260,100.00,45.666,100.00,1.256,100.00,10.977,100.00,0.968,100.00,
2020-1-4 00:00:00,62.660,100.00,57.789,100.00,1.973,100.00,19.602,100.00,3.065,100.00,
2020-1-7 00:00:00,62.990,100.00,61.436,100.00,2.186,100.00,16.261,100.00,2.033,100.00,
2020-1-10 00:00:00,63.420,100.00,62.732,100.00,2.179,100.00,15.499,100.00,1.759,100.00,
2020-1-13 00:00:00,59.890,100.00,59.957,100.00,1.942,100.00,14.058,100.00,1.418,100.00,
2020-1-16 00:00:00,62.310,100.00,60.371,100.00,1.827,100.00,16.775,100.00,1.924,100.00,
2020-1-19 00:00:00,66.840,100.00,67.093,100.00,2.091,100.00,16.485,100.00,1.913,100.00,
2020-1-22 00:00:00,64.350,100.00,64.939,100.00,2.007,100.00,15.373,100.00,1.760,100.00,
2020-1-25 00:00:00,61.480,100.00,61.922,100.00,1.851,100.00,14.717,100.00,1.387,100.00,
2020-1-28 00:00:00,58.830,100.00,59.154,100.00,1.650,100.00,13.915,100.00,1.210,100.00,
2020-1-31 00:00:00,56.570,100.00,56.402,100.00,1.470,100.00,13.666,100.00,1.134,100.00,
2020-2-3 00:00:00,53.900,100.00,53.888,100.00,1.322,100.00,12.704,100.00,0.995,100.00,
2020-2-6 00:00:00,50.890,100.00,50.745,100.00,1.174,100.00,12.009,100.00,0.868,100.00,
2020-2-9 00:00:00,48.820,100.00,48.125,100.00,1.043,100.00,11.594,100.00,0.783,100.00,
2020-2-12 00:00:00,44.680,100.00,44.675,100.00,0.847,100.00,10.110,100.00,0.472,100.00,
2020-2-15 00:00:00,40.470,100.00,40.708,100.00,0.599,100.00,9.217,100.00,0.308,100.00,
2020-2-18 00:00:00,37.430,100.00,37.427,100.00,0.403,100.00,8.819,100.00,0.226,100.00,
2020-2-21 00:00:00,38.380,100.00,36.371,100.00,0.330,100.00,10.360,100.00,0.409,100.00,
2020-2-24 00:00:00,43.920,100.00,38.972,100.00,0.415,100.00,14.304,100.00,1.206,100.00,
2020-2-27 00:00:00,55.120,100.00,53.481,100.00,1.189,100.00,14.783,100.00,1.276,100.00,
2020-3-1 00:00:00,51.640,100.00,51.383,100.00,1.048,100.00,12.133,100.00,0.661,100.00,
2020-3-4 00:00:00,50.180,100.00,48.640,100.00,0.876,100.00,12.113,100.00,0.613,100.00,
2020-3-7 00:00:00,56.630,100.00,52.214,100.00,1.054,100.00,16.764,100.00,1.549,100.00,
2020-3-10 00:00:00,55.040,100.00,54.796,100.00,1.205,100.00,12.479,100.00,0.694,100.00,
2020-3-13 00:00:00,56.500,100.00,54.344,100.00,1.116,100.00,15.005,100.00,1.178,100.00,
2020-3-16 00:00:00,61.470,100.00,61.754,100.00,1.383,100.00,14.329,100.00,1.046,100.00,
2020-3-19 00:00:00,58.750,100.00,57.689,100.00,1.215,100.00,14.124,100.00,0.977,100.00,
2020-3-22 00:00:00,59.750,100.00,57.314,100.00,1.232,100.00,15.689,100.00,1.310,100.00,
2020-3-25 00:00:00,57.100,100.00,56.766,100.00,1.237,100.00,12.984,100.00,0.780,100.00,
2020-3-28 00:00:00,53.990,100.00,52.701,100.00,1.016,100.00,12.185,100.00,0.614,100.00,
2020-3-31 00:00:00,49.750,100.00,47.646,100.00,0.767,100.00,11.477,100.00,0.480,100.00,
2020-4-3 00:00:00,47.890,100.00,44.941,100.00,0.621,100.00,10.814,100.00,0.299,100.00,
2020-4-6 00:00:00,44.460,100.00,40.656,100.00,0.391,100.00,10.217,100.00,0.159,100.00,
2020-4-9 00:00:00,42.120,100.00,37.547,100.00,0.224,100.00,9.824,100.00,0.047,100.00,
2020-4-12 00:00:00,40.280,100.00,34.792,100.00,0.066,100.00,10.251,100.00,0.057,100.00,
2020-4-15 00:00:00,47.540,100.00,39.619,100.00,0.191,100.00,15.476,100.00,0.949,100.00,
2020-4-18 00:00:00,54.400,100.00,51.003,100.00,0.601,100.00,14.375,100.00,0.581,100.00,
2020-4-21 00:00:00,65.290,100.00,62.128,100.00,1.101,100.00,19.509,100.00,1.549,100.00,
2020-4-24 00:00:00,70.730,100.00,71.270,100.00,1.481,100.00,18.543,100.00,1.272,100.00,
2020-4-27 00:00:00,70.890,100.00,72.135,100.00,1.415,100.00,17.711,100.00,1.062,100.00,
2020-4-30 00:00:00,71.040,100.00,71.456,100.00,1.279,100.00,18.673,100.00,1.170,100.00,
2020-5-3 00:00:00,73.160,100.00,75.007,100.00,1.352,100.00,18.077,100.00,1.048,100.00,
2020-5-6 00:00:00,74.710,100.00,75.870,100.00,1.315,100.00,19.423,100.00,1.246,100.00,
2020-5-9 00:00:00,71.950,100.00,74.892,100.00,1.271,100.00,16.651,100.00,0.831,100.00,
2020-5-12 00:00:00,69.900,100.00,71.402,100.00,1.129,100.00,16.670,100.00,0.835,100.00,
2020-5-15 00:00:00,68.770,100.00,69.367,100.00,1.039,100.00,17.331,100.00,0.920,100.00,
2020-5-18 00:00:00,66.590,100.00,67.709,100.00,0.936,100.00,16.121,100.00,0.716,100.00,
2020-5-21 00:00:00,65.670,100.00,66.714,100.00,0.884,100.00,16.172,100.00,0.708,100.00,
2020-5-24 00:00:00,67.210,100.00,67.513,100.00,0.843,100.00,17.129,100.00,0.708,100.00,
2020-5-27 00:00:00,69.940,100.00,70.348,100.00,0.880,100.00,17.849,100.00,0.784,100.00,
2020-5-30 00:00:00,70.640,100.00,70.997,100.00,0.813,100.00,18.258,100.00,0.785,100.00,
2020-6-2 00:00:00,69.470,100.00,71.563,100.00,0.750,100.00,16.456,100.00,0.448,100.00,
2020-6-5 00:00:00,75.850,97.56,77.042,97.56,0.886,100.00,21.422,100.00,1.210,100.00,
2020-6-8 00:00:00,78.200,100.00,81.600,100.00,0.995,100.00,19.254,100.00,0.728,100.00,
2020-6-11 00:00:00,77.650,100.00,80.580,100.00,0.822,100.00,19.321,100.00,0.634,100.00,
2020-6-14 00:00:00,78.910,97.56,82.223,97.56,0.742,100.00,20.897,100.00,0.733,100.00,
2020-6-17 00:00:00,80.610,97.56,84.094,97.56,0.685,100.00,21.603,100.00,0.712,100.00,
2020-6-20 00:00:00,82.950,97.56,87.523,97.56,0.663,100.00,21.757,100.00,0.614,100.00,
2020-6-23 00:00:00,85.470,97.56,89.988,97.56,0.619,100.00,23.063,100.00,0.678,100.00,
2020-6-26 00:00:00,93.680,97.56,100.740,97.56,0.764,100.00,24.755,100.00,0.762,100.00,
2020-6-29 00:00:00,98.960,97.56,108.285,97.56,0.829,100.00,25.145,100.00,0.727,100.00,
2020-7-2 00:00:00,99.810,92.68,106.983,92.68,0.759,100.00,25.329,100.00,0.683,100.00,
2020-7-5 00:00:00,99.490,100.00,107.923,100.00,0.669,100.00,24.950,100.00,0.559,100.00,
2020-7-8 00:00:00,99.870,90.24,106.705,90.24,0.571,100.00,25.339,100.00,0.524,100.00,
2020-7-11 00:00:00,99.890,92.68,107.125,92.68,0.518,100.00,25.337,100.00,0.476,100.00,
2020-7-14 00:00:00,99.890,87.80,108.199,87.80,0.469,100.00,25.338,100.00,0.427,100.00,
2020-7-17 00:00:00,99.350,97.56,109.114,97.56,0.272,100.00,24.917,100.00,0.141,100.00,
2020-7-20 00:00:00,99.920,92.68,107.105,92.68,0.408,100.00,25.345,100.00,0.433,100.00,
2020-7-23 00:00:00,99.910,90.24,108.548,90.24,0.421,100.00,25.342,100.00,0.447,100.00,
2020-7-26 00:00:00,99.560,100.00,108.011,100.00,0.418,100.00,24.959,100.00,0.296,100.00,
2020-7-29 00:00:00,99.920,95.12,107.551,95.12,0.481,100.00,25.343,100.00,0.488,100.00,
2020-8-1 00:00:00,99.900,97.56,107.926,97.56,0.502,100.00,25.339,100.00,0.484,100.00,
2020-8-4 00:00:00,99.210,97.56,109.184,97.56,0.357,100.00,24.656,100.00,-0.124,100.00,
2020-8-7 00:00:00,99.730,95.12,109.091,95.12,0.515,100.00,25.316,100.00,0.528,100.00,
2020-8-10 00:00:00,99.780,97.56,109.360,97.56,0.523,100.00,25.312,100.00,0.533,100.00,
2020-8-13 00:00:00,99.860,97.56,109.470,97.56,0.540,100.00,25.327,100.00,0.552,100.00,
2020-8-16 00:00:00,98.590,97.56,108.769,97.56,0.460,100.00,24.159,100.00,0.180,100.00,
2020-8-19 00:00:00,97.030,97.56,106.581,97.56,0.195,100.00,24.001,100.00,0.173,100.00,
2020-8-22 00:00:00,97.480,97.56,106.437,97.56,0.227,100.00,24.792,100.00,0.443,100.00,
2020-8-25 00:00:00,99.030,97.56,108.557,97.56,0.465,100.00,24.993,100.00,0.498,100.00,
2020-8-28 00:00:00,98.300,97.56,108.074,97.56,0.448,100.00,24.377,100.00,0.345,100.00,
2020-8-31 00:00:00,97.440,100.00,105.859,100.00,0.384,100.00,23.992,100.00,0.242,100.00,
2020-9-3 00:00:00,98.520,97.56,108.009,97.56,0.476,100.00,24.779,100.00,0.483,100.00,
2020-9-6 00:00:00,99.110,97.56,108.475,97.56,0.510,100.00,25.178,100.00,0.578,100.00,
2020-9-9 00:00:00,99.920,97.56,109.525,97.56,0.583,100.00,25.351,100.00,0.636,100.00,
2020-9-12 00:00:00,99.730,100.00,108.052,100.00,0.592,100.00,25.219,100.00,0.625,100.00,
2020-9-15 00:00:00,99.800,97.56,107.756,97.56,0.607,100.00,25.331,100.00,0.670,100.00,
2020-9-18 00:00:00,99.460,100.00,108.046,100.00,0.620,100.00,24.786,100.00,0.569,100.00,
2020-9-21 00:00:00,96.660,100.00,105.292,100.00,0.498,100.00,23.290,100.00,0.325,100.00,
2020-9-24 00:00:00,99.920,97.56,107.928,97.56,0.680,100.00,25.347,100.00,0.767,100.00,
2020-9-27 00:00:00,98.160,100.00,107.291,100.00,0.668,100.00,24.179,100.00,0.625,100.00,
2020-9-30 00:00:00,94.130,100.00,104.157,100.00,0.563,100.00,22.193,100.00,0.376,100.00,
2020-10-3 00:00:00,91.150,100.00,100.618,100.00,0.505,100.00,21.932,100.00,0.442,100.00,
2020-10-6 00:00:00,86.850,100.00,96.956,100.00,0.422,100.00,20.517,100.00,0.296,100.00,
2020-10-9 00:00:00,80.440,100.00,91.730,100.00,0.276,100.00,17.652,100.00,-0.066,100.00,
2020-10-12 00:00:00,74.930,100.00,84.555,100.00,0.113,100.00,16.909,100.00,-0.027,100.00,
2020-10-15 00:00:00,70.340,100.00,78.903,100.00,0.076,100.00,15.501,100.00,-0.116,100.00,
2020-10-18 00:00:00,65.990,100.00,73.608,100.00,0.036,100.00,14.601,100.00,-0.104,100.00,
2020-10-21 00:00:00,62.300,100.00,68.675,100.00,0.035,100.00,14.082,100.00,-0.022,100.00,
2020-10-24 00:00:00,57.600,100.00,63.426,100.00,0.008,100.00,12.932,100.00,-0.063,100.00,
2020-10-27 00:00:00,52.840,100.00,58.391,100.00,-0.050,100.00,12.046,100.00,-0.066,100.00,
2020-10-30 00:00:00,47.620,100.00,53.223,100.00,-0.116,100.00,10.396,100.00,-0.242,100.00,
2020-11-2 00:00:00,42.820,100.00,47.679,100.00,-0.206,100.00,9.525,100.00,-0.278,100.00,
2020-11-5 00:00:00,39.680,100.00,43.714,100.00,-0.218,100.00,9.095,100.00,-0.216,100.00,
2020-11-8 00:00:00,36.050,100.00,39.838,100.00,-0.249,100.00,8.115,100.00,-0.299,100.00,
2020-11-11 00:00:00,32.720,100.00,36.087,100.00,-0.288,100.00,7.348,100.00,-0.346,100.00,
2020-11-14 00:00:00,29.570,100.00,32.562,100.00,-0.338,100.00,6.640,100.00,-0.398,100.00,
2020-11-17 00:00:00,28.020,100.00,30.031,100.00,-0.300,100.00,6.626,100.00,-0.223,100.00,
2020-11-20 00:00:00,25.900,100.00,27.706,100.00,-0.289,100.00,6.080,100.00,-0.274,100.00,
2020-11-23 00:00:00,24.330,100.00,25.977,100.00,-0.273,100.00,5.685,100.00,-0.295,100.00,
2020-11-26 00:00:00,22.670,100.00,24.051,100.00,-0.314,100.00,5.373,100.00,-0.294,100.00,
2020-11-29 00:00:00,21.270,100.00,22.579,100.00,-0.380,100.00,4.954,100.00,-0.383,100.00,
2020-12-2 00:00:00,19.770,100.00,20.848,100.00,-0.476,100.00,4.691,100.00,-0.438,100.00,
2020-12-5 00:00:00,19.380,100.00,19.906,100.00,-0.496,100.00,4.752,100.00,-0.396,100.00,
2020-12-8 00:00:00,18.240,100.00,18.925,100.00,-0.521,100.00,4.324,100.00,-0.448,100.00,
2020-12-11 00:00:00,16.910,100.00,17.659,100.00,-0.561,100.00,4.004,100.00,-0.494,100.00,
2020-12-14 00:00:00,15.890,100.00,16.600,100.00,-0.587,100.00,3.774,100.00,-0.515,100.00,
2020-12-17 00:00:00,15.190,100.00,15.844,100.00,-0.574,100.00,3.629,100.00,-0.503,100.00,
2020-12-20 00:00:00,14.510,100.00,15.144,100.00,-0.585,100.00,3.462,100.00,-0.489,100.00,
2020-12-23 00:00:00,13.750,100.00,14.361,100.00,-0.596,100.00,3.283,100.00,-0.515,100.00,
2020-12-26 00:00:00,13.100,100.00,13.671,100.00,-0.608,100.00,3.134,100.00,-0.534,100.00,
2020-12-29 00:00:00,12.560,100.00,13.072,100.00,-0.618,100.00,3.015,100.00,-0.564,100.00,
2021-1-4 00:00:00,11.770,100.00,12.173,100.00,-0.615,100.00,2.869,100.00,-0.545,100.00,
2021-1-7 00:00:00,11.570,100.00,11.958,100.00,-0.601,100.00,2.792,100.00,-0.548,100.00,
2021-1-10 00:00:00,11.250,100.00,11.642,100.00,-0.606,100.00,2.723,100.00,-0.562,100.00,
2021-1-13 00:00:00,11.100,100.00,11.487,100.00,-0.605,100.00,2.724,100.00,-0.562,100.00,
2021-1-16 00:00:00,10.930,100.00,11.380,100.00,-0.619,100.00,2.656,100.00,-0.583,100.00,
2021-1-19 00:00:00,10.980,100.00,11.249,100.00,-0.609,100.00,2.773,100.00,-0.583,100.00,
2021-1-22 00:00:00,11.100,100.00,11.400,100.00,-0.610,100.00,2.698,100.00,-0.609,100.00,
2021-1-25 00:00:00,10.820,100.00,11.148,100.00,-0.636,100.00,2.635,100.00,-0.582,100.00,
2021-1-28 00:00:00,10.710,100.00,10.970,100.00,-0.645,100.00,2.646,100.00,-0.588,100.00,
2021-1-31 00:00:00,10.830,100.00,11.021,100.00,-0.645,100.00,2.654,100.00,-0.594,100.00,
2021-2-3 00:00:00,10.600,100.00,10.869,100.00,-0.664,100.00,2.568,100.00,-0.628,100.00,
2021-2-6 00:00:00,11.070,100.00,10.938,100.00,-0.669,100.00,2.950,100.00,-0.555,100.00,
2021-2-9 00:00:00,10.790,100.00,10.955,100.00,-0.678,100.00,2.595,100.00,-0.639,100.00,
2021-2-12 00:00:00,10.410,100.00,10.603,100.00,-0.707,100.00,2.520,100.00,-0.630,100.00,
2021-2-15 00:00:00,10.640,100.00,10.607,100.00,-0.702,100.00,2.688,100.00,-0.612,100.00,
2021-2-18 00:00:00,10.880,100.00,10.752,100.00,-0.696,100.00,2.798,100.00,-0.603,100.00,
2021-2-21 00:00:00,10.720,100.00,10.800,100.00,-0.705,100.00,2.600,100.00,-0.646,100.00,
2021-2-24 00:00:00,10.570,100.00,10.663,100.00,-0.730,100.00,2.596,100.00,-0.673,100.00,
2021-2-27 00:00:00,10.530,100.00,10.637,100.00,-0.749,100.00,2.590,100.00,-0.689,100.00,
2021-3-2 00:00:00,10.520,100.00,10.607,100.00,-0.765,100.00,2.562,100.00,-0.706,100.00,
2021-3-5 00:00:00,11.120,100.00,10.625,100.00,-0.773,100.00,2.969,100.00,-0.664,100.00,
2021-3-8 00:00:00,12.000,100.00,11.254,100.00,-0.746,100.00,3.035,100.00,-0.661,100.00,
2021-3-11 00:00:00,12.270,100.00,11.424,100.00,-0.744,100.00,3.072,100.00,-0.662,100.00,
2021-3-14 00:00:00,13.570,100.00,12.005,100.00,-0.721,100.00,3.636,100.00,-0.602,100.00,
2021-3-17 00:00:00,13.760,100.00,12.177,100.00,-0.724,100.00,3.526,100.00,-0.647,100.00,
2021-3-20 00:00:00,13.850,100.00,12.244,100.00,-0.740,100.00,3.450,100.00,-0.664,100.00,
2021-3-23 00:00:00,13.940,100.00,12.114,100.00,-0.762,100.00,3.564,100.00,-0.664,100.00,
2021-3-26 00:00:00,13.710,100.00,12.099,100.00,-0.777,100.00,3.311,100.00,-0.692,100.00,
2021-3-29 00:00:00,13.780,100.00,11.753,100.00,-0.788,100.00,3.791,100.00,-0.622,100.00,
2021-4-1 00:00:00,19.200,100.00,14.273,100.00,-0.657,100.00,6.090,100.00,-0.335,100.00,
2021-4-4 00:00:00,19.340,100.00,15.903,100.00,-0.567,100.00,4.493,100.00,-0.553,100.00,
2021-4-7 00:00:00,18.200,100.00,14.770,100.00,-0.628,100.00,4.591,100.00,-0.550,100.00,
2021-4-10 00:00:00,17.370,100.00,14.533,100.00,-0.644,100.00,4.110,100.00,-0.627,100.00,
2021-4-13 00:00:00,16.010,100.00,13.504,100.00,-0.716,100.00,3.914,100.00,-0.680,100.00,
2021-4-16 00:00:00,16.470,100.00,13.364,100.00,-0.747,100.00,4.597,100.00,-0.615,100.00,
2021-4-19 00:00:00,17.270,100.00,14.412,100.00,-0.720,100.00,4.233,100.00,-0.688,100.00,
2021-4-22 00:00:00,19.570,100.00,14.904,100.00,-0.706,100.00,5.457,100.00,-0.564,100.00,
2021-4-25 00:00:00,18.130,100.00,14.847,100.00,-0.727,100.00,4.236,100.00,-0.728,100.00,
2021-4-28 00:00:00,17.670,100.00,13.990,100.00,-0.793,100.00,4.752,100.00,-0.678,100.00,
2021-5-1 00:00:00,19.290,100.00,15.308,100.00,-0.760,100.00,5.481,100.00,-0.616,100.00,
2021-5-4 00:00:00,23.570,100.00,17.644,100.00,-0.690,100.00,8.805,100.00,-0.103,100.00,
2021-5-7 00:00:00,30.440,100.00,26.410,100.00,-0.379,100.00,9.325,100.00,-0.099,100.00,
2021-5-10 00:00:00,29.870,100.00,27.421,100.00,-0.365,100.00,7.456,100.00,-0.400,100.00,
2021-5-13 00:00:00,32.480,100.00,29.126,100.00,-0.316,100.00,9.101,100.00,-0.182,100.00,
2021-5-16 00:00:00,28.550,100.00,27.446,100.00,-0.415,100.00,6.057,100.00,-0.658,100.00,
2021-5-19 00:00:00,39.080,100.00,32.554,100.00,-0.189,100.00,13.943,100.00,0.752,100.00,
2021-5-22 00:00:00,52.850,100.00,53.846,100.00,0.837,100.00,11.738,100.00,0.311,100.00,
2021-5-25 00:00:00,49.290,100.00,48.157,100.00,0.499,100.00,11.852,100.00,0.159,100.00,
2021-5-28 00:00:00,74.630,100.00,72.627,100.00,1.415,100.00,22.753,100.00,1.807,100.00,
